Customer_ID,Gender,Age,Married,State,Number_of_Referrals,Tenure_in_Months,Value_Deal,Phone_Service,Multiple_Lines,Internet_Service,Internet_Type,Online_Security,Online_Backup,Device_Protection_Plan,Premium_Support,Streaming_TV,Streaming_Movies,Streaming_Music,Unlimited_Data,Contract,Paperless_Billing,Payment_Method,Monthly_Charge,Total_Charges,Total_Refunds,Total_Extra_Data_Charges,Total_Long_Distance_Charges,Total_Revenue,Customer_Status,Churn_Category,Churn_Reason,Customer_Status_Predicted
42768-TAM,Female,45,FALSE,Tamil Nadu,13,14,None,TRUE,FALSE,FALSE,None,FALSE,FALSE,FALSE,FALSE,FALSE,FALSE,FALSE,FALSE,Month-to-Month,FALSE,Credit Card,19.4,19.4,0.0,0,2.85,22.25,Joined,Others,Others,1
71752-TEL,Female,51,FALSE,Telangana,4,2,Deal 5,TRUE,FALSE,FALSE,None,FALSE,FALSE,FALSE,FALSE,FALSE,FALSE,FALSE,FALSE,Month-to-Month,FALSE,Bank Withdrawal,19.9,57.4,0.0,0,53.8,111.2,Joined,Others,Others,1
84535-TAM,Male,46,FALSE,Tamil Nadu,2,36,None,TRUE,FALSE,FALSE,None,FALSE,FALSE,FALSE,FALSE,FALSE,FALSE,FALSE,FALSE,Month-to-Month,FALSE,Mailed Check,20.4,42.9,0.0,0,99.06,141.96,Joined,Others,Others,1
99488-KAR,Male,50,TRUE,Karnataka,10,31,None,FALSE,FALSE,TRUE,DSL,FALSE,FALSE,FALSE,FALSE,FALSE,FALSE,FALSE,TRUE,Month-to-Month,FALSE,Credit Card,24.4,24.4,0.0,0,0.0,24.4,Joined,Others,Others,1
77658-AND,Male,44,FALSE,Andhra Pradesh,0,4,Deal 5,FALSE,FALSE,TRUE,DSL,FALSE,FALSE,FALSE,FALSE,FALSE,FALSE,FALSE,TRUE,Month-to-Month,TRUE,Bank Withdrawal,24.4,24.4,0.0,0,0.0,24.4,Joined,Others,Others,1
99996-HAR,Male,22,TRUE,Haryana,2,8,Deal 5,TRUE,FALSE,TRUE,DSL,TRUE,TRUE,FALSE,FALSE,FALSE,FALSE,TRUE,TRUE,Month-to-Month,TRUE,Credit Card,53.55,53.55,0.0,0,16.06,69.61,Joined,Others,Others,1
73547-KAR,Female,43,TRUE,Karnataka,13,16,None,TRUE,TRUE,TRUE,Fiber Optic,FALSE,FALSE,FALSE,FALSE,TRUE,FALSE,FALSE,TRUE,Month-to-Month,TRUE,Bank Withdrawal,84.05,134.05,0.0,0,44.46,178.51,Joined,Others,Others,1
19998-AND,Female,18,FALSE,Andhra Pradesh,0,2,Deal 5,TRUE,FALSE,TRUE,Fiber Optic,FALSE,FALSE,TRUE,FALSE,FALSE,TRUE,TRUE,TRUE,Month-to-Month,FALSE,Credit Card,85.7,256.75,0.0,0,89.52,346.27,Joined,Others,Others,1
16931-BIH,Female,39,TRUE,Bihar,8,23,Deal 5,TRUE,FALSE,FALSE,None,FALSE,FALSE,FALSE,FALSE,FALSE,FALSE,FALSE,FALSE,Month-to-Month,TRUE,Credit Card,19.3,19.3,0.0,0,8.66,27.96,Joined,Others,Others,1
74978-MAH,Female,28,TRUE,Maharashtra,1,21,None,TRUE,FALSE,FALSE,None,FALSE,FALSE,FALSE,FALSE,FALSE,FALSE,FALSE,FALSE,Month-to-Month,FALSE,Bank Withdrawal,19.75,19.75,0.0,0,30.38,50.13,Joined,Others,Others,1
-MAD 98334.00,Male,67,TRUE,Madhya Pradesh,15,20,None,TRUE,FALSE,FALSE,None,FALSE,FALSE,FALSE,FALSE,FALSE,FALSE,FALSE,FALSE,Month-to-Month,FALSE,Bank Withdrawal,20.2,65.95,0.0,0,95.43,161.38,Joined,Others,Others,1
84687-PUN,Female,31,FALSE,Punjab,0,18,Deal 5,FALSE,FALSE,TRUE,Cable,FALSE,FALSE,FALSE,FALSE,FALSE,FALSE,FALSE,FALSE,Month-to-Month,FALSE,Credit Card,24.7,24.7,0.0,70,0.0,94.7,Joined,Others,Others,1
68826-MAH,Male,48,FALSE,Maharashtra,14,1,None,FALSE,FALSE,TRUE,Cable,FALSE,FALSE,FALSE,FALSE,FALSE,FALSE,FALSE,FALSE,Month-to-Month,TRUE,Bank Withdrawal,24.7,24.7,0.0,0,0.0,24.7,Joined,Others,Others,1
46081-TAM,Male,41,TRUE,Tamil Nadu,14,29,None,TRUE,FALSE,TRUE,DSL,FALSE,FALSE,FALSE,FALSE,FALSE,FALSE,FALSE,TRUE,Month-to-Month,FALSE,Credit Card,45.15,45.15,0.0,0,42.34,87.49,Joined,Others,Others,1
93521-MAH,Female,55,FALSE,Maharashtra,6,35,None,TRUE,FALSE,TRUE,DSL,FALSE,FALSE,FALSE,TRUE,FALSE,FALSE,FALSE,FALSE,Month-to-Month,TRUE,Bank Withdrawal,-1.0,49.3,0.0,10,14.97,74.27,Joined,Others,Others,1
33776-BIH,Male,32,TRUE,Bihar,6,10,None,TRUE,FALSE,FALSE,None,FALSE,FALSE,FALSE,FALSE,FALSE,FALSE,FALSE,FALSE,Month-to-Month,FALSE,Credit Card,19.2,19.2,0.0,0,35.88,55.08,Joined,Others,Others,1
42574-ASS,Female,25,FALSE,Assam,5,3,None,TRUE,FALSE,FALSE,None,FALSE,FALSE,FALSE,FALSE,FALSE,FALSE,FALSE,FALSE,Month-to-Month,FALSE,Credit Card,19.55,19.55,0.0,0,8.23,27.78,Joined,Others,Others,1
-MAD 58974.00,Male,34,FALSE,Madhya Pradesh,11,14,None,TRUE,FALSE,FALSE,None,FALSE,FALSE,FALSE,FALSE,FALSE,FALSE,FALSE,FALSE,Month-to-Month,FALSE,Credit Card,20.3,41.2,0.0,0,25.36,66.56,Joined,Others,Others,1
93667-KER,Female,38,FALSE,Kerala,7,33,None,TRUE,FALSE,FALSE,None,FALSE,FALSE,FALSE,FALSE,FALSE,FALSE,FALSE,FALSE,One Year,TRUE,Credit Card,20.55,57.4,0.0,0,33.81,91.21,Joined,Others,Others,1
-MAD 72357.00,Female,53,FALSE,Madhya Pradesh,14,12,Deal 5,TRUE,FALSE,TRUE,DSL,FALSE,FALSE,FALSE,FALSE,FALSE,FALSE,FALSE,TRUE,Month-to-Month,TRUE,Credit Card,44.3,44.3,0.0,0,42.95,87.25,Joined,Others,Others,1
47611-WES,Male,25,FALSE,West Bengal,4,31,None,TRUE,FALSE,TRUE,DSL,FALSE,FALSE,FALSE,FALSE,FALSE,TRUE,TRUE,FALSE,Month-to-Month,TRUE,Bank Withdrawal,55.25,55.25,0.0,60,39.19,154.44,Joined,Others,Others,1
84577-TEL,Female,59,TRUE,Telangana,11,29,None,TRUE,FALSE,TRUE,Cable,FALSE,TRUE,FALSE,FALSE,TRUE,FALSE,FALSE,TRUE,Month-to-Month,TRUE,Bank Withdrawal,59.0,114.15,0.0,0,54.04,168.19,Joined,Others,Others,1
82559-CHH,Male,34,TRUE,Chhattisgarh,0,33,Deal 5,TRUE,FALSE,TRUE,DSL,FALSE,TRUE,FALSE,TRUE,FALSE,TRUE,TRUE,FALSE,Month-to-Month,TRUE,Credit Card,64.2,143.65,0.0,30,8.82,182.47,Joined,Others,Others,1
32563-KAR,Female,34,TRUE,Karnataka,3,22,None,TRUE,FALSE,TRUE,Fiber Optic,FALSE,FALSE,FALSE,FALSE,FALSE,FALSE,FALSE,FALSE,Month-to-Month,TRUE,Bank Withdrawal,69.8,146.65,0.0,10,22.38,179.03,Joined,Others,Others,1
33565-UTT,Male,72,TRUE,Uttar Pradesh,7,29,None,TRUE,TRUE,TRUE,Fiber Optic,FALSE,FALSE,FALSE,FALSE,FALSE,FALSE,FALSE,TRUE,Two Year,FALSE,Bank Withdrawal,74.3,74.3,0.0,0,17.84,92.14,Joined,Others,Others,1
82010-WES,Female,46,FALSE,West Bengal,14,7,Deal 5,TRUE,TRUE,TRUE,Fiber Optic,FALSE,TRUE,FALSE,FALSE,FALSE,FALSE,FALSE,TRUE,Month-to-Month,FALSE,Bank Withdrawal,79.55,151.75,0.0,0,51.12,202.87,Joined,Others,Others,1
94124-MAH,Female,21,FALSE,Maharashtra,9,8,None,TRUE,FALSE,TRUE,Fiber Optic,FALSE,FALSE,FALSE,FALSE,TRUE,FALSE,FALSE,TRUE,Month-to-Month,TRUE,Bank Withdrawal,79.95,174.45,0.0,0,75.4,249.85,Joined,Others,Others,1
28281-KAR,Male,56,TRUE,Karnataka,8,32,Deal 5,TRUE,FALSE,TRUE,Fiber Optic,FALSE,FALSE,FALSE,FALSE,FALSE,TRUE,TRUE,TRUE,Month-to-Month,TRUE,Bank Withdrawal,80.35,253.8,0.0,0,148.89,402.69,Joined,Others,Others,1
82427-MAH,Male,36,FALSE,Maharashtra,15,28,Deal 5,TRUE,FALSE,FALSE,None,FALSE,FALSE,FALSE,FALSE,FALSE,FALSE,FALSE,FALSE,Month-to-Month,FALSE,Credit Card,19.55,19.55,0.0,0,17.94,37.49,Joined,Others,Others,1
53815-BIH,Female,36,FALSE,Bihar,2,4,None,TRUE,FALSE,FALSE,None,FALSE,FALSE,FALSE,FALSE,FALSE,FALSE,FALSE,FALSE,Month-to-Month,FALSE,Credit Card,19.7,19.7,0.0,0,34.28,53.98,Joined,Others,Others,1
66612-KAR,Female,58,TRUE,Karnataka,11,18,None,TRUE,FALSE,FALSE,None,FALSE,FALSE,FALSE,FALSE,FALSE,FALSE,FALSE,FALSE,Month-to-Month,FALSE,Credit Card,19.95,58.0,0.0,0,8.07,66.07,Joined,Others,Others,1
31476-TEL,Male,42,TRUE,Telangana,5,33,Deal 5,TRUE,FALSE,FALSE,None,FALSE,FALSE,FALSE,FALSE,FALSE,FALSE,FALSE,FALSE,Month-to-Month,FALSE,Credit Card,19.95,19.95,0.0,0,27.08,47.03,Joined,Others,Others,1
28398-TEL,Male,59,TRUE,Telangana,3,23,Deal 5,TRUE,FALSE,FALSE,None,FALSE,FALSE,FALSE,FALSE,FALSE,FALSE,FALSE,FALSE,Month-to-Month,FALSE,Credit Card,20.0,20.0,0.0,0,25.99,45.99,Joined,Others,Others,1
92198-DEL,Female,44,TRUE,Delhi,8,15,Deal 5,TRUE,FALSE,FALSE,None,FALSE,FALSE,FALSE,FALSE,FALSE,FALSE,FALSE,FALSE,Month-to-Month,TRUE,Credit Card,20.25,20.25,0.0,0,28.18,48.43,Joined,Others,Others,1
46619-RAJ,Male,25,FALSE,Rajasthan,1,14,None,TRUE,FALSE,FALSE,None,FALSE,FALSE,FALSE,FALSE,FALSE,FALSE,FALSE,FALSE,One Year,FALSE,Credit Card,20.4,20.4,0.0,0,27.5,47.9,Joined,Others,Others,1
89188-KAR,Female,26,TRUE,Karnataka,3,9,None,TRUE,FALSE,FALSE,None,FALSE,FALSE,FALSE,FALSE,FALSE,FALSE,FALSE,FALSE,Month-to-Month,TRUE,Mailed Check,20.55,33.6,0.0,0,33.4,67.0,Joined,Others,Others,1
82118-JAM,Female,69,TRUE,Jammu & Kashmir,3,6,Deal 5,FALSE,FALSE,TRUE,Cable,FALSE,FALSE,FALSE,FALSE,FALSE,FALSE,FALSE,TRUE,Month-to-Month,FALSE,Mailed Check,24.2,24.2,0.0,0,0.0,24.2,Joined,Others,Others,1
49201-GUJ,Female,37,FALSE,Gujarat,11,30,None,FALSE,FALSE,TRUE,DSL,TRUE,FALSE,FALSE,FALSE,FALSE,FALSE,FALSE,TRUE,Month-to-Month,FALSE,Credit Card,29.9,29.9,0.0,0,0.0,29.9,Joined,Others,Others,1
41235-WES,Female,37,FALSE,West Bengal,8,10,Deal 5,TRUE,FALSE,TRUE,DSL,FALSE,FALSE,FALSE,FALSE,FALSE,FALSE,FALSE,TRUE,Month-to-Month,TRUE,Bank Withdrawal,44.8,44.8,0.0,0,27.46,72.26,Joined,Others,Others,1
-MAD 81118.00,Female,31,FALSE,Madhya Pradesh,1,13,None,TRUE,FALSE,TRUE,Cable,FALSE,FALSE,FALSE,FALSE,FALSE,FALSE,FALSE,TRUE,Month-to-Month,TRUE,Credit Card,45.8,45.8,0.0,0,13.62,59.42,Joined,Others,Others,1
77688-TAM,Male,35,FALSE,Tamil Nadu,4,13,None,TRUE,FALSE,TRUE,DSL,FALSE,FALSE,FALSE,TRUE,FALSE,FALSE,FALSE,TRUE,Month-to-Month,FALSE,Credit Card,49.0,49.0,0.0,0,49.19,98.19,Joined,Others,Others,1
12340-DEL,Female,51,TRUE,Delhi,0,10,None,TRUE,FALSE,TRUE,Cable,FALSE,FALSE,FALSE,FALSE,TRUE,TRUE,TRUE,TRUE,Month-to-Month,TRUE,Credit Card,62.8,62.8,0.0,0,42.19,104.99,Joined,Others,Others,1
24754-AND,Female,63,TRUE,Andhra Pradesh,0,28,None,TRUE,FALSE,TRUE,Fiber Optic,FALSE,FALSE,FALSE,FALSE,FALSE,FALSE,FALSE,TRUE,Month-to-Month,TRUE,Bank Withdrawal,69.55,200.2,33.8,0,5.01,171.41,Joined,Others,Others,1
18415-KAR,Female,33,TRUE,Karnataka,7,36,None,TRUE,FALSE,FALSE,None,FALSE,FALSE,FALSE,FALSE,FALSE,FALSE,FALSE,FALSE,Month-to-Month,FALSE,Mailed Check,19.1,19.1,0.0,0,5.02,24.12,Joined,Others,Others,1
41500-KAR,Male,31,FALSE,Karnataka,1,31,Deal 5,TRUE,FALSE,FALSE,None,FALSE,FALSE,FALSE,FALSE,FALSE,FALSE,FALSE,FALSE,Month-to-Month,FALSE,Credit Card,19.85,51.6,0.0,0,54.94,106.54,Joined,Others,Others,1
36339-UTT,Female,54,FALSE,Uttar Pradesh,14,7,Deal 5,TRUE,FALSE,FALSE,None,FALSE,FALSE,FALSE,FALSE,FALSE,FALSE,FALSE,FALSE,Month-to-Month,TRUE,Credit Card,19.9,45.75,0.0,0,124.08,169.83,Joined,Others,Others,1
26567-UTT,Female,67,TRUE,Uttar Pradesh,1,35,None,TRUE,FALSE,FALSE,None,FALSE,FALSE,FALSE,FALSE,FALSE,FALSE,FALSE,FALSE,Two Year,FALSE,Credit Card,20.35,20.35,0.0,0,30.09,50.44,Joined,Others,Others,1
15591-KAR,Female,26,FALSE,Karnataka,3,31,None,TRUE,FALSE,FALSE,None,FALSE,FALSE,FALSE,FALSE,FALSE,FALSE,FALSE,FALSE,Month-to-Month,FALSE,Credit Card,20.4,20.4,0.0,0,45.91,66.31,Joined,Others,Others,1
71689-PUN,Female,42,TRUE,Punjab,3,19,None,TRUE,FALSE,TRUE,DSL,FALSE,FALSE,FALSE,FALSE,FALSE,FALSE,FALSE,TRUE,Month-to-Month,FALSE,Credit Card,43.95,43.95,0.0,0,45.59,89.54,Joined,Others,Others,1
-MAD 27461.00,Male,22,TRUE,Madhya Pradesh,7,6,Deal 5,TRUE,FALSE,TRUE,Cable,FALSE,FALSE,FALSE,FALSE,FALSE,FALSE,FALSE,TRUE,Month-to-Month,TRUE,Credit Card,44.55,44.55,0.0,0,23.04,67.59,Joined,Others,Others,1
82965-TEL,Female,38,FALSE,Telangana,8,20,None,TRUE,FALSE,TRUE,Cable,FALSE,FALSE,FALSE,FALSE,FALSE,FALSE,FALSE,FALSE,Month-to-Month,FALSE,Credit Card,44.75,148.05,0.0,10,104.67,262.72,Joined,Others,Others,1
21288-MAH,Female,63,FALSE,Maharashtra,12,34,None,TRUE,TRUE,TRUE,DSL,FALSE,FALSE,FALSE,FALSE,TRUE,FALSE,FALSE,FALSE,Month-to-Month,TRUE,Bank Withdrawal,60.25,170.5,0.0,70,60.3,300.8,Joined,Others,Others,1
79700-KER,Female,53,FALSE,Kerala,5,30,None,TRUE,TRUE,TRUE,Fiber Optic,FALSE,TRUE,TRUE,FALSE,TRUE,TRUE,TRUE,TRUE,Month-to-Month,FALSE,Mailed Check,107.95,313.6,0.0,0,142.5,456.1,Joined,Others,Others,1
32966-HAR,Female,23,FALSE,Haryana,3,7,None,TRUE,FALSE,FALSE,None,FALSE,FALSE,FALSE,FALSE,FALSE,FALSE,FALSE,FALSE,Month-to-Month,FALSE,Bank Withdrawal,19.2,19.2,0.0,0,26.37,45.57,Joined,Others,Others,1
47957-GUJ,Female,26,FALSE,Gujarat,4,2,Deal 5,TRUE,FALSE,FALSE,None,FALSE,FALSE,FALSE,FALSE,FALSE,FALSE,FALSE,FALSE,Month-to-Month,TRUE,Credit Card,20.45,20.45,0.0,0,42.17,62.62,Joined,Others,Others,1
17597-HAR,Female,33,TRUE,Haryana,2,6,Deal 5,FALSE,FALSE,TRUE,DSL,FALSE,TRUE,FALSE,FALSE,FALSE,FALSE,FALSE,TRUE,Month-to-Month,TRUE,Bank Withdrawal,29.85,29.85,0.0,0,0.0,29.85,Joined,Others,Others,1
92134-BIH,Male,24,FALSE,Bihar,5,11,None,FALSE,FALSE,TRUE,DSL,FALSE,FALSE,FALSE,FALSE,TRUE,FALSE,FALSE,TRUE,Month-to-Month,TRUE,Credit Card,34.8,113.95,0.0,0,0.0,113.95,Joined,Others,Others,1
23855-MAH,Female,53,TRUE,Maharashtra,13,9,None,TRUE,FALSE,TRUE,DSL,FALSE,FALSE,FALSE,FALSE,FALSE,FALSE,FALSE,TRUE,Month-to-Month,FALSE,Bank Withdrawal,44.9,111.05,0.0,0,10.16,121.21,Joined,Others,Others,1
-MAD 13058.00,Female,58,FALSE,Madhya Pradesh,13,22,None,TRUE,FALSE,TRUE,DSL,FALSE,FALSE,FALSE,FALSE,FALSE,FALSE,FALSE,TRUE,Month-to-Month,TRUE,Mailed Check,46.1,130.15,0.0,0,7.98,138.13,Joined,Others,Others,1
-MAD 95991.00,Female,37,TRUE,Madhya Pradesh,0,32,None,TRUE,FALSE,TRUE,Cable,FALSE,FALSE,FALSE,TRUE,FALSE,FALSE,FALSE,TRUE,Month-to-Month,TRUE,Credit Card,50.25,152.3,0.0,0,84.57,236.87,Joined,Others,Others,1
88111-MAH,Female,52,TRUE,Maharashtra,15,32,None,TRUE,FALSE,TRUE,Fiber Optic,TRUE,TRUE,FALSE,TRUE,FALSE,FALSE,FALSE,TRUE,Month-to-Month,TRUE,Credit Card,83.4,83.4,0.0,0,43.06,126.46,Joined,Others,Others,1
94070-JAM,Female,21,TRUE,Jammu & Kashmir,8,3,None,TRUE,FALSE,TRUE,Fiber Optic,FALSE,FALSE,FALSE,FALSE,TRUE,TRUE,TRUE,TRUE,Month-to-Month,TRUE,Bank Withdrawal,90.1,90.1,0.0,0,24.33,114.43,Joined,Others,Others,1
23256-HAR,Female,32,TRUE,Haryana,10,31,Deal 5,TRUE,FALSE,FALSE,None,FALSE,FALSE,FALSE,FALSE,FALSE,FALSE,FALSE,FALSE,Month-to-Month,FALSE,Bank Withdrawal,19.85,52.0,0.0,0,72.1,124.1,Joined,Others,Others,1
53764-WES,Male,36,FALSE,West Bengal,10,23,None,FALSE,FALSE,TRUE,Cable,FALSE,FALSE,FALSE,FALSE,FALSE,FALSE,FALSE,TRUE,Month-to-Month,TRUE,Credit Card,24.9,24.9,0.0,0,0.0,24.9,Joined,Others,Others,1
-MAD 67994.00,Male,75,TRUE,Madhya Pradesh,12,33,Deal 5,TRUE,FALSE,TRUE,DSL,FALSE,FALSE,FALSE,FALSE,FALSE,FALSE,FALSE,TRUE,Two Year,FALSE,Bank Withdrawal,46.3,46.3,0.0,0,11.51,57.81,Joined,Others,Others,1
89154-RAJ,Female,47,FALSE,Rajasthan,5,3,Deal 5,TRUE,FALSE,TRUE,Cable,FALSE,TRUE,FALSE,FALSE,FALSE,FALSE,FALSE,TRUE,Month-to-Month,FALSE,Credit Card,49.2,103.7,0.0,0,58.56,162.26,Joined,Others,Others,1
72971-TAM,Female,81,FALSE,Tamil Nadu,6,8,None,TRUE,FALSE,TRUE,Fiber Optic,FALSE,FALSE,FALSE,TRUE,FALSE,FALSE,FALSE,TRUE,One Year,FALSE,Bank Withdrawal,74.7,74.7,0.0,0,27.65,102.35,Joined,Others,Others,1
95735-PUN,Female,53,FALSE,Punjab,10,21,None,TRUE,FALSE,FALSE,None,FALSE,FALSE,FALSE,FALSE,FALSE,FALSE,FALSE,FALSE,Month-to-Month,FALSE,Credit Card,19.25,48.35,0.0,0,42.36,90.71,Joined,Others,Others,1
65531-MAH,Female,55,FALSE,Maharashtra,10,22,None,TRUE,FALSE,FALSE,None,FALSE,FALSE,FALSE,FALSE,FALSE,FALSE,FALSE,FALSE,Month-to-Month,FALSE,Credit Card,19.8,19.8,0.0,0,11.96,31.76,Joined,Others,Others,1
82473-AND,Male,63,TRUE,Andhra Pradesh,10,1,Deal 5,FALSE,FALSE,TRUE,DSL,FALSE,TRUE,FALSE,FALSE,FALSE,FALSE,FALSE,TRUE,Month-to-Month,FALSE,Credit Card,29.8,94.4,0.0,0,0.0,94.4,Joined,Others,Others,1
39866-MAH,Female,24,FALSE,Maharashtra,1,12,Deal 5,TRUE,FALSE,TRUE,DSL,FALSE,FALSE,FALSE,FALSE,FALSE,FALSE,FALSE,FALSE,Month-to-Month,FALSE,Bank Withdrawal,45.55,84.4,0.0,10,83.8,178.2,Joined,Others,Others,1
86970-KER,Male,57,TRUE,Kerala,2,9,None,TRUE,FALSE,TRUE,DSL,FALSE,TRUE,FALSE,FALSE,FALSE,FALSE,FALSE,FALSE,Month-to-Month,FALSE,Bank Withdrawal,49.5,49.5,0.0,30,16.99,96.49,Joined,Others,Others,1
18015-ODI,Female,28,TRUE,Odisha,15,9,None,TRUE,FALSE,TRUE,DSL,FALSE,FALSE,FALSE,TRUE,FALSE,FALSE,FALSE,TRUE,Month-to-Month,TRUE,Bank Withdrawal,49.9,49.9,0.0,0,14.93,64.83,Joined,Others,Others,1
75058-TEL,Female,59,FALSE,Telangana,6,14,None,TRUE,FALSE,TRUE,DSL,FALSE,FALSE,TRUE,TRUE,TRUE,TRUE,TRUE,TRUE,One Year,FALSE,Credit Card,74.1,74.1,0.0,0,36.05,110.15,Joined,Others,Others,1
22119-WES,Male,31,TRUE,West Bengal,5,5,None,TRUE,FALSE,FALSE,None,FALSE,FALSE,FALSE,FALSE,FALSE,FALSE,FALSE,FALSE,Month-to-Month,FALSE,Credit Card,20.05,33.7,0.0,0,3.62,37.32,Joined,Others,Others,1
28266-JAM,Male,32,FALSE,Jammu & Kashmir,6,1,None,FALSE,FALSE,TRUE,DSL,FALSE,FALSE,FALSE,FALSE,FALSE,FALSE,FALSE,TRUE,Month-to-Month,FALSE,Credit Card,25.35,25.35,0.0,0,0.0,25.35,Joined,Others,Others,1
45771-KAR,Female,50,FALSE,Karnataka,3,7,None,TRUE,FALSE,TRUE,DSL,FALSE,FALSE,FALSE,FALSE,FALSE,FALSE,FALSE,TRUE,Month-to-Month,FALSE,Credit Card,44.45,44.45,0.0,0,23.34,67.79,Joined,Others,Others,1
28782-PUN,Male,58,TRUE,Punjab,8,7,Deal 5,TRUE,FALSE,TRUE,DSL,FALSE,FALSE,FALSE,FALSE,FALSE,FALSE,FALSE,TRUE,Month-to-Month,TRUE,Mailed Check,44.95,44.95,0.0,0,13.63,58.58,Joined,Others,Others,1
41196-MAH,Female,29,TRUE,Maharashtra,11,10,Deal 5,TRUE,FALSE,TRUE,DSL,FALSE,FALSE,FALSE,FALSE,FALSE,FALSE,FALSE,FALSE,Month-to-Month,TRUE,Bank Withdrawal,45.0,45.0,0.0,10,40.63,95.63,Joined,Others,Others,1
71509-HAR,Female,40,FALSE,Haryana,3,27,None,TRUE,FALSE,TRUE,DSL,FALSE,FALSE,FALSE,FALSE,TRUE,FALSE,FALSE,TRUE,Month-to-Month,TRUE,Bank Withdrawal,54.65,54.65,0.0,0,36.33,90.98,Joined,Others,Others,1
99862-BIH,Female,30,FALSE,Bihar,12,9,Deal 5,TRUE,FALSE,TRUE,Fiber Optic,FALSE,FALSE,FALSE,TRUE,FALSE,FALSE,FALSE,TRUE,Month-to-Month,FALSE,Bank Withdrawal,74.0,74.0,0.0,0,23.7,97.7,Joined,Others,Others,1
86362-ASS,Female,35,TRUE,Assam,15,11,None,TRUE,FALSE,TRUE,Fiber Optic,FALSE,FALSE,FALSE,TRUE,FALSE,FALSE,FALSE,TRUE,Month-to-Month,TRUE,Mailed Check,74.3,74.3,0.0,0,39.55,113.85,Joined,Others,Others,1
83486-MAH,Male,34,FALSE,Maharashtra,5,4,Deal 5,TRUE,FALSE,TRUE,Fiber Optic,FALSE,FALSE,TRUE,FALSE,FALSE,FALSE,FALSE,TRUE,Month-to-Month,FALSE,Credit Card,75.35,75.35,0.0,0,38.89,114.24,Joined,Others,Others,1
46865-PUN,Female,18,FALSE,Punjab,11,1,Deal 5,TRUE,TRUE,TRUE,Fiber Optic,FALSE,TRUE,FALSE,FALSE,FALSE,FALSE,FALSE,TRUE,Month-to-Month,TRUE,Bank Withdrawal,79.45,145.15,0.0,0,57.22,202.37,Joined,Others,Others,1
78220-TAM,Female,21,TRUE,Tamil Nadu,14,10,None,TRUE,FALSE,TRUE,Fiber Optic,FALSE,FALSE,TRUE,TRUE,TRUE,FALSE,TRUE,TRUE,Month-to-Month,TRUE,Credit Card,89.85,244.45,0.0,0,75.3,319.75,Joined,Others,Others,1
46004-TAM,Male,25,TRUE,Tamil Nadu,1,6,None,TRUE,FALSE,TRUE,DSL,FALSE,FALSE,FALSE,TRUE,TRUE,TRUE,TRUE,TRUE,Month-to-Month,FALSE,Bank Withdrawal,-8.0,132.4,0.0,0,47.04,179.44,Joined,Others,Others,1
71564-KAR,Female,48,FALSE,Karnataka,6,5,None,TRUE,FALSE,FALSE,None,FALSE,FALSE,FALSE,FALSE,FALSE,FALSE,FALSE,FALSE,Month-to-Month,FALSE,Credit Card,19.05,19.05,0.0,0,5.02,24.07,Joined,Others,Others,1
54195-MAH,Female,61,TRUE,Maharashtra,11,23,None,TRUE,FALSE,FALSE,None,FALSE,FALSE,FALSE,FALSE,FALSE,FALSE,FALSE,FALSE,Month-to-Month,FALSE,Bank Withdrawal,19.75,19.75,0.0,0,37.62,57.37,Joined,Others,Others,1
79905-UTT,Female,24,FALSE,Uttar Pradesh,0,12,None,TRUE,FALSE,FALSE,None,FALSE,FALSE,FALSE,FALSE,FALSE,FALSE,FALSE,FALSE,Month-to-Month,FALSE,Credit Card,20.45,20.45,0.0,0,30.09,50.54,Joined,Others,Others,1
56728-RAJ,Male,40,FALSE,Rajasthan,0,1,None,TRUE,FALSE,TRUE,DSL,FALSE,FALSE,FALSE,FALSE,FALSE,FALSE,FALSE,TRUE,Month-to-Month,FALSE,Credit Card,45.6,45.6,0.0,0,37.44,83.04,Joined,Others,Others,1
16032-AND,Female,47,FALSE,Andhra Pradesh,8,18,None,TRUE,FALSE,TRUE,DSL,FALSE,FALSE,FALSE,FALSE,FALSE,FALSE,FALSE,TRUE,Month-to-Month,TRUE,Bank Withdrawal,46.6,87.9,0.0,0,3.74,91.64,Joined,Others,Others,1
15349-UTT,Male,47,TRUE,Uttar Pradesh,9,12,Deal 5,TRUE,TRUE,TRUE,DSL,FALSE,FALSE,FALSE,FALSE,FALSE,FALSE,FALSE,TRUE,Month-to-Month,TRUE,Bank Withdrawal,50.15,50.15,0.0,0,39.87,90.02,Joined,Others,Others,1
43297-MAH,Male,60,FALSE,Maharashtra,12,18,None,TRUE,FALSE,TRUE,Cable,FALSE,FALSE,FALSE,TRUE,FALSE,FALSE,FALSE,FALSE,Month-to-Month,TRUE,Credit Card,50.2,109.25,0.0,10,12.68,131.93,Joined,Others,Others,1
96967-CHH,Female,33,FALSE,Chhattisgarh,5,8,None,TRUE,FALSE,TRUE,Fiber Optic,FALSE,FALSE,FALSE,FALSE,TRUE,TRUE,TRUE,TRUE,Month-to-Month,TRUE,Bank Withdrawal,89.35,89.35,0.0,0,5.36,94.71,Joined,Others,Others,1
34024-AND,Female,45,TRUE,Andhra Pradesh,4,21,None,TRUE,FALSE,FALSE,None,FALSE,FALSE,FALSE,FALSE,FALSE,FALSE,FALSE,FALSE,Month-to-Month,FALSE,Credit Card,20.05,20.05,0.0,0,7.66,27.71,Joined,Others,Others,1
97615-MAH,Female,23,TRUE,Maharashtra,11,10,Deal 5,TRUE,FALSE,FALSE,None,FALSE,FALSE,FALSE,FALSE,FALSE,FALSE,FALSE,FALSE,Month-to-Month,FALSE,Credit Card,20.2,20.2,0.0,0,41.1,61.3,Joined,Others,Others,1
73108-GUJ,Female,38,TRUE,Gujarat,6,12,None,TRUE,FALSE,FALSE,None,FALSE,FALSE,FALSE,FALSE,FALSE,FALSE,FALSE,FALSE,Month-to-Month,FALSE,Credit Card,20.25,36.8,0.0,0,31.66,68.46,Joined,Others,Others,1
63883-KAR,Female,33,TRUE,Karnataka,12,26,None,TRUE,FALSE,FALSE,None,FALSE,FALSE,FALSE,FALSE,FALSE,FALSE,FALSE,FALSE,Month-to-Month,TRUE,Mailed Check,20.45,42.45,0.0,0,94.38,136.83,Joined,Others,Others,1
99475-KAR,Male,22,TRUE,Karnataka,11,11,None,TRUE,FALSE,TRUE,DSL,FALSE,TRUE,FALSE,FALSE,FALSE,FALSE,FALSE,TRUE,Month-to-Month,FALSE,Credit Card,51.55,106.2,0.0,0,37.22,143.42,Joined,Others,Others,1
28237-JHA,Female,52,FALSE,Jharkhand,7,9,Deal 5,TRUE,FALSE,TRUE,Fiber Optic,FALSE,FALSE,FALSE,FALSE,FALSE,FALSE,FALSE,TRUE,Month-to-Month,TRUE,Bank Withdrawal,69.85,199.85,0.0,0,104.28,304.13,Joined,Others,Others,1
25517-RAJ,Female,40,FALSE,Rajasthan,4,10,None,TRUE,TRUE,TRUE,Fiber Optic,FALSE,FALSE,TRUE,FALSE,TRUE,FALSE,FALSE,FALSE,Month-to-Month,TRUE,Bank Withdrawal,91.45,171.45,0.0,10,98.82,280.27,Joined,Others,Others,1
31412-HAR,Female,81,TRUE,Haryana,14,29,None,TRUE,FALSE,FALSE,None,FALSE,FALSE,FALSE,FALSE,FALSE,FALSE,FALSE,FALSE,Two Year,FALSE,Bank Withdrawal,19.2,37.2,0.0,0,14.06,51.26,Joined,Others,Others,1
94609-HAR,Female,45,FALSE,Haryana,1,11,None,TRUE,FALSE,FALSE,None,FALSE,FALSE,FALSE,FALSE,FALSE,FALSE,FALSE,FALSE,Month-to-Month,FALSE,Credit Card,19.65,60.65,0.0,0,91.02,151.67,Joined,Others,Others,1
98788-TAM,Male,58,TRUE,Tamil Nadu,4,16,Deal 5,TRUE,FALSE,FALSE,None,FALSE,FALSE,FALSE,FALSE,FALSE,FALSE,FALSE,FALSE,Month-to-Month,TRUE,Mailed Check,20.05,39.25,0.0,0,13.7,52.95,Joined,Others,Others,1
83308-TAM,Male,40,FALSE,Tamil Nadu,5,14,None,FALSE,FALSE,TRUE,DSL,FALSE,TRUE,FALSE,FALSE,FALSE,FALSE,FALSE,TRUE,Month-to-Month,FALSE,Mailed Check,29.65,90.05,0.0,0,0.0,90.05,Joined,Others,Others,1
67752-MAH,Female,28,FALSE,Maharashtra,0,24,None,TRUE,FALSE,TRUE,Cable,FALSE,FALSE,FALSE,FALSE,FALSE,FALSE,FALSE,TRUE,Month-to-Month,FALSE,Credit Card,45.3,45.3,0.0,0,47.36,92.66,Joined,Others,Others,1
19837-TAM,Female,57,TRUE,Tamil Nadu,4,6,None,FALSE,FALSE,TRUE,Cable,FALSE,TRUE,FALSE,FALSE,TRUE,TRUE,TRUE,TRUE,Month-to-Month,FALSE,Bank Withdrawal,51.4,96.8,0.0,0,0.0,96.8,Joined,Others,Others,1
54172-RAJ,Female,64,TRUE,Rajasthan,0,9,Deal 5,TRUE,TRUE,TRUE,DSL,FALSE,TRUE,FALSE,FALSE,FALSE,FALSE,FALSE,TRUE,Month-to-Month,TRUE,Credit Card,56.55,118.25,0.0,0,63.48,181.73,Joined,Others,Others,1
81763-DEL,Male,36,TRUE,Delhi,7,7,None,TRUE,FALSE,TRUE,Fiber Optic,TRUE,FALSE,TRUE,FALSE,FALSE,FALSE,FALSE,TRUE,Month-to-Month,TRUE,Bank Withdrawal,80.45,137.1,0.0,0,70.82,207.92,Joined,Others,Others,1
95822-AND,Male,34,TRUE,Andhra Pradesh,3,26,None,TRUE,FALSE,FALSE,None,FALSE,FALSE,FALSE,FALSE,FALSE,FALSE,FALSE,FALSE,Month-to-Month,TRUE,Credit Card,19.2,19.2,0.0,0,17.89,37.09,Joined,Others,Others,1
43604-TAM,Female,18,FALSE,Tamil Nadu,14,7,Deal 5,TRUE,FALSE,FALSE,None,FALSE,FALSE,FALSE,FALSE,FALSE,FALSE,FALSE,FALSE,One Year,FALSE,Mailed Check,19.65,19.65,0.0,0,23.41,43.06,Joined,Others,Others,1
72275-GUJ,Female,45,TRUE,Gujarat,8,4,None,TRUE,FALSE,FALSE,None,FALSE,FALSE,FALSE,FALSE,FALSE,FALSE,FALSE,FALSE,One Year,FALSE,Credit Card,19.95,47.7,0.0,0,62.9,110.6,Joined,Others,Others,1
21065-HAR,Male,27,FALSE,Haryana,5,10,None,TRUE,FALSE,FALSE,None,FALSE,FALSE,FALSE,FALSE,FALSE,FALSE,FALSE,FALSE,Month-to-Month,FALSE,Credit Card,20.3,20.3,0.0,0,10.84,31.14,Joined,Others,Others,1
66749-KER,Female,47,FALSE,Kerala,9,5,None,TRUE,FALSE,FALSE,None,FALSE,FALSE,FALSE,FALSE,FALSE,FALSE,FALSE,FALSE,Month-to-Month,FALSE,Credit Card,20.75,20.75,0.0,0,36.28,57.03,Joined,Others,Others,1
36284-ODI,Male,43,TRUE,Odisha,4,13,None,TRUE,FALSE,TRUE,DSL,FALSE,FALSE,FALSE,FALSE,FALSE,FALSE,FALSE,TRUE,Month-to-Month,FALSE,Bank Withdrawal,44.55,44.55,0.0,0,41.1,85.65,Joined,Others,Others,1
52403-WES,Female,66,TRUE,West Bengal,9,6,None,TRUE,FALSE,TRUE,Fiber Optic,FALSE,FALSE,FALSE,FALSE,FALSE,FALSE,FALSE,FALSE,Two Year,TRUE,Bank Withdrawal,71.25,71.25,0.0,10,17.6,98.85,Joined,Others,Others,1
84789-PUN,Male,46,FALSE,Punjab,9,19,Deal 5,TRUE,FALSE,TRUE,Fiber Optic,FALSE,TRUE,TRUE,TRUE,TRUE,TRUE,TRUE,TRUE,Month-to-Month,TRUE,Bank Withdrawal,107.95,318.6,0.0,0,37.98,356.58,Joined,Others,Others,1
83939-AND,Female,42,FALSE,Andhra Pradesh,8,27,None,TRUE,FALSE,FALSE,None,FALSE,FALSE,FALSE,FALSE,FALSE,FALSE,FALSE,FALSE,Month-to-Month,FALSE,Bank Withdrawal,20.1,43.15,0.0,0,65.72,108.87,Joined,Others,Others,1
84770-UTT,Female,38,TRUE,Uttar Pradesh,2,21,None,TRUE,FALSE,FALSE,None,FALSE,FALSE,FALSE,FALSE,FALSE,FALSE,FALSE,FALSE,Month-to-Month,FALSE,Mailed Check,20.15,20.15,0.0,0,27.59,47.74,Joined,Others,Others,1
29525-TAM,Female,50,TRUE,Tamil Nadu,9,3,Deal 5,FALSE,FALSE,TRUE,DSL,FALSE,FALSE,FALSE,FALSE,FALSE,FALSE,FALSE,TRUE,Month-to-Month,FALSE,Credit Card,25.0,78.25,0.0,0,0.0,78.25,Joined,Others,Others,1
89382-ASS,Male,56,FALSE,Assam,5,29,Deal 5,FALSE,FALSE,TRUE,DSL,FALSE,FALSE,FALSE,TRUE,FALSE,FALSE,FALSE,TRUE,Month-to-Month,TRUE,Bank Withdrawal,29.75,96.85,0.0,0,0.0,96.85,Joined,Others,Others,1
48939-BIH,Female,38,TRUE,Bihar,1,6,None,TRUE,FALSE,TRUE,DSL,FALSE,TRUE,FALSE,FALSE,FALSE,FALSE,FALSE,TRUE,Month-to-Month,FALSE,Bank Withdrawal,49.95,49.95,0.0,0,44.98,94.93,Joined,Others,Others,1
88215-KAR,Female,19,FALSE,Karnataka,5,10,Deal 5,TRUE,TRUE,TRUE,DSL,FALSE,FALSE,FALSE,FALSE,FALSE,FALSE,FALSE,TRUE,Month-to-Month,TRUE,Bank Withdrawal,50.05,50.05,0.0,0,43.05,93.1,Joined,Others,Others,1
99855-MAH,Female,50,TRUE,Maharashtra,5,29,None,TRUE,FALSE,TRUE,Fiber Optic,FALSE,FALSE,FALSE,FALSE,FALSE,FALSE,FALSE,TRUE,Month-to-Month,TRUE,Bank Withdrawal,69.7,135.2,0.0,0,31.34,166.54,Joined,Others,Others,1
83196-UTT,Female,61,TRUE,Uttar Pradesh,3,10,None,TRUE,TRUE,TRUE,Fiber Optic,TRUE,FALSE,FALSE,FALSE,FALSE,FALSE,FALSE,TRUE,Month-to-Month,FALSE,Credit Card,80.55,188.1,0.0,0,10.6,198.7,Joined,Others,Others,1
34713-KER,Male,58,TRUE,Kerala,1,29,Deal 5,TRUE,TRUE,TRUE,Fiber Optic,TRUE,FALSE,FALSE,FALSE,FALSE,TRUE,TRUE,TRUE,Month-to-Month,FALSE,Credit Card,90.75,174.75,0.0,0,54.34,229.09,Joined,Others,Others,1
27856-UTT,Female,33,TRUE,Uttar Pradesh,1,32,Deal 5,TRUE,FALSE,FALSE,None,FALSE,FALSE,FALSE,FALSE,FALSE,FALSE,FALSE,FALSE,Month-to-Month,TRUE,Bank Withdrawal,19.25,19.25,0.0,0,9.44,28.69,Joined,Others,Others,1
94305-KAR,Male,49,TRUE,Karnataka,5,18,Deal 5,TRUE,FALSE,FALSE,None,FALSE,FALSE,FALSE,FALSE,FALSE,FALSE,FALSE,FALSE,Month-to-Month,FALSE,Bank Withdrawal,19.75,19.75,0.0,0,5.32,25.07,Joined,Others,Others,1
86315-TAM,Female,54,FALSE,Tamil Nadu,6,13,Deal 5,TRUE,FALSE,FALSE,None,FALSE,FALSE,FALSE,FALSE,FALSE,FALSE,FALSE,FALSE,Month-to-Month,FALSE,Bank Withdrawal,20.95,20.95,0.0,0,2.29,23.24,Joined,Others,Others,1
83817-UTT,Male,48,FALSE,Uttar Pradesh,8,18,None,TRUE,FALSE,FALSE,None,FALSE,FALSE,FALSE,FALSE,FALSE,FALSE,FALSE,FALSE,Month-to-Month,TRUE,Mailed Check,21.05,21.05,0.0,0,10.14,31.19,Joined,Others,Others,1
83736-UTT,Male,43,TRUE,Uttar Pradesh,1,25,None,TRUE,FALSE,TRUE,DSL,FALSE,FALSE,FALSE,FALSE,FALSE,FALSE,FALSE,TRUE,Month-to-Month,FALSE,Credit Card,45.35,45.35,0.0,0,12.46,57.81,Joined,Others,Others,1
17250-HAR,Female,23,TRUE,Haryana,12,2,None,TRUE,FALSE,TRUE,DSL,FALSE,TRUE,FALSE,FALSE,FALSE,FALSE,FALSE,TRUE,Month-to-Month,FALSE,Credit Card,49.25,97.0,0.0,0,81.5,178.5,Joined,Others,Others,1
55043-UTT,Male,43,TRUE,Uttar Pradesh,8,17,None,TRUE,FALSE,TRUE,Fiber Optic,FALSE,FALSE,FALSE,FALSE,FALSE,FALSE,FALSE,FALSE,Month-to-Month,TRUE,Bank Withdrawal,69.9,69.9,0.0,10,9.36,89.26,Joined,Others,Others,1
-MAD 84843.00,Female,57,TRUE,Madhya Pradesh,11,8,None,TRUE,TRUE,TRUE,Fiber Optic,FALSE,FALSE,FALSE,FALSE,FALSE,FALSE,FALSE,TRUE,Month-to-Month,TRUE,Bank Withdrawal,75.1,75.1,0.0,0,4.53,79.63,Joined,Others,Others,1
39764-UTT,Female,39,TRUE,Uttar Pradesh,5,14,None,TRUE,FALSE,FALSE,None,FALSE,FALSE,FALSE,FALSE,FALSE,FALSE,FALSE,FALSE,Month-to-Month,FALSE,Credit Card,19.35,46.35,0.0,0,88.68,135.03,Joined,Others,Others,1
56554-RAJ,Female,29,TRUE,Rajasthan,0,11,Deal 5,TRUE,FALSE,FALSE,None,FALSE,FALSE,FALSE,FALSE,FALSE,FALSE,FALSE,FALSE,Month-to-Month,TRUE,Credit Card,19.75,19.75,0.0,0,10.22,29.97,Joined,Others,Others,1
86289-UTT,Male,27,FALSE,Uttar Pradesh,4,27,None,TRUE,FALSE,FALSE,None,FALSE,FALSE,FALSE,FALSE,FALSE,FALSE,FALSE,FALSE,Month-to-Month,FALSE,Credit Card,20.3,20.3,0.0,0,29.19,49.49,Joined,Others,Others,1
58044-KAR,Female,31,FALSE,Karnataka,5,13,Deal 5,TRUE,FALSE,FALSE,None,FALSE,FALSE,FALSE,FALSE,FALSE,FALSE,FALSE,FALSE,Month-to-Month,FALSE,Credit Card,20.35,41.85,0.0,0,10.84,52.69,Joined,Others,Others,1
35658-JHA,Male,35,FALSE,Jharkhand,2,16,None,TRUE,FALSE,FALSE,None,FALSE,FALSE,FALSE,FALSE,FALSE,FALSE,FALSE,FALSE,Month-to-Month,FALSE,Mailed Check,20.45,20.45,0.0,0,39.61,60.06,Joined,Others,Others,1
33773-UTT,Male,58,TRUE,Uttar Pradesh,3,6,Deal 5,TRUE,FALSE,FALSE,None,FALSE,FALSE,FALSE,FALSE,FALSE,FALSE,FALSE,FALSE,Month-to-Month,FALSE,Credit Card,20.6,20.6,0.0,0,1.48,22.08,Joined,Others,Others,1
64327-AND,Female,59,TRUE,Andhra Pradesh,8,9,None,TRUE,FALSE,FALSE,None,FALSE,FALSE,FALSE,FALSE,FALSE,FALSE,FALSE,FALSE,Month-to-Month,TRUE,Credit Card,20.65,20.65,0.0,0,35.24,55.89,Joined,Others,Others,1
-MAD 74979.00,Female,49,TRUE,Madhya Pradesh,10,14,Deal 5,FALSE,FALSE,TRUE,Cable,FALSE,FALSE,FALSE,TRUE,FALSE,FALSE,FALSE,TRUE,Month-to-Month,FALSE,Bank Withdrawal,29.05,44.75,0.0,0,0.0,44.75,Joined,Others,Others,1
24696-BIH,Female,69,TRUE,Bihar,0,20,Deal 5,TRUE,FALSE,TRUE,DSL,FALSE,FALSE,FALSE,FALSE,FALSE,FALSE,FALSE,TRUE,Month-to-Month,FALSE,Bank Withdrawal,43.95,85.1,0.0,0,38.18,123.28,Joined,Others,Others,1
43920-RAJ,Female,38,FALSE,Rajasthan,9,3,Deal 5,TRUE,FALSE,TRUE,Cable,TRUE,FALSE,FALSE,FALSE,FALSE,FALSE,FALSE,TRUE,Month-to-Month,FALSE,Credit Card,49.9,49.9,0.0,0,9.0,58.9,Joined,Others,Others,1
59750-AND,Female,49,TRUE,Andhra Pradesh,11,4,None,TRUE,TRUE,TRUE,Fiber Optic,FALSE,FALSE,FALSE,FALSE,FALSE,FALSE,FALSE,TRUE,Month-to-Month,TRUE,Credit Card,74.9,136.05,0.0,0,82.16,218.21,Joined,Others,Others,1
28681-HAR,Female,33,FALSE,Haryana,4,2,None,TRUE,FALSE,TRUE,Fiber Optic,FALSE,FALSE,TRUE,FALSE,FALSE,FALSE,FALSE,TRUE,Month-to-Month,FALSE,Bank Withdrawal,75.55,75.55,0.0,0,7.11,82.66,Joined,Others,Others,1
66413-TAM,Female,53,FALSE,Tamil Nadu,12,4,None,TRUE,FALSE,TRUE,Fiber Optic,FALSE,FALSE,FALSE,FALSE,TRUE,FALSE,FALSE,FALSE,Month-to-Month,TRUE,Bank Withdrawal,80.5,232.35,0.0,0,80.58,312.93,Joined,Others,Others,1
12056-WES,Male,27,FALSE,West Bengal,2,20,None,TRUE,FALSE,TRUE,Fiber Optic,FALSE,TRUE,TRUE,FALSE,FALSE,TRUE,TRUE,TRUE,Month-to-Month,FALSE,Bank Withdrawal,90.4,268.45,0.0,0,94.44,362.89,Joined,Others,Others,1
41795-UTT,Female,58,FALSE,Uttar Pradesh,5,10,None,TRUE,FALSE,FALSE,None,FALSE,FALSE,FALSE,FALSE,FALSE,FALSE,FALSE,FALSE,Month-to-Month,FALSE,Credit Card,19.75,19.75,0.0,0,41.28,61.03,Joined,Others,Others,1
27465-JAM,Female,50,FALSE,Jammu & Kashmir,10,30,None,TRUE,FALSE,FALSE,None,FALSE,FALSE,FALSE,FALSE,FALSE,FALSE,FALSE,FALSE,Month-to-Month,FALSE,Credit Card,19.85,19.85,0.0,0,16.47,36.32,Joined,Others,Others,1
44693-UTT,Female,53,FALSE,Uttar Pradesh,11,27,None,TRUE,FALSE,FALSE,None,FALSE,FALSE,FALSE,FALSE,FALSE,FALSE,FALSE,FALSE,One Year,FALSE,Credit Card,20.3,31.9,0.0,0,70.84,102.74,Joined,Others,Others,1
42089-MAH,Female,32,FALSE,Maharashtra,2,34,Deal 5,TRUE,FALSE,FALSE,None,FALSE,FALSE,FALSE,FALSE,FALSE,FALSE,FALSE,FALSE,Month-to-Month,FALSE,Credit Card,20.7,57.5,0.0,0,115.23,172.73,Joined,Others,Others,1
44655-TEL,Male,41,TRUE,Telangana,0,25,None,TRUE,FALSE,TRUE,DSL,FALSE,FALSE,FALSE,TRUE,FALSE,FALSE,FALSE,TRUE,Month-to-Month,TRUE,Mailed Check,50.5,147.75,0.0,0,79.14,226.89,Joined,Others,Others,1
87024-KAR,Male,58,FALSE,Karnataka,14,8,Deal 5,TRUE,FALSE,TRUE,Fiber Optic,FALSE,FALSE,FALSE,FALSE,FALSE,FALSE,FALSE,TRUE,Month-to-Month,TRUE,Credit Card,71.3,157.75,0.0,0,13.48,171.23,Joined,Others,Others,1
31601-DEL,Female,31,TRUE,Delhi,2,10,None,TRUE,FALSE,FALSE,None,FALSE,FALSE,FALSE,FALSE,FALSE,FALSE,FALSE,FALSE,Month-to-Month,FALSE,Credit Card,19.65,19.65,0.0,0,42.42,62.07,Joined,Others,Others,1
84508-TAM,Female,28,TRUE,Tamil Nadu,11,28,None,TRUE,FALSE,FALSE,None,FALSE,FALSE,FALSE,FALSE,FALSE,FALSE,FALSE,FALSE,Month-to-Month,FALSE,Credit Card,21.1,21.1,0.0,0,18.81,39.91,Joined,Others,Others,1
95748-UTT,Male,22,TRUE,Uttar Pradesh,5,4,Deal 5,TRUE,TRUE,FALSE,None,FALSE,FALSE,FALSE,FALSE,FALSE,FALSE,FALSE,FALSE,Month-to-Month,FALSE,Mailed Check,25.4,25.4,0.0,0,32.73,58.13,Joined,Others,Others,1
74518-ODI,Female,27,FALSE,Odisha,13,13,Deal 5,TRUE,FALSE,TRUE,DSL,FALSE,FALSE,FALSE,FALSE,FALSE,FALSE,FALSE,TRUE,Month-to-Month,FALSE,Bank Withdrawal,44.45,82.7,0.0,0,37.4,120.1,Joined,Others,Others,1
75671-PUD,Female,34,TRUE,Puducherry,8,13,None,TRUE,FALSE,TRUE,Cable,FALSE,FALSE,FALSE,FALSE,FALSE,FALSE,FALSE,TRUE,Month-to-Month,TRUE,Bank Withdrawal,45.4,80.95,0.0,0,21.62,102.57,Joined,Others,Others,1
34319-UTT,Male,40,TRUE,Uttar Pradesh,12,25,Deal 5,TRUE,FALSE,TRUE,DSL,FALSE,TRUE,FALSE,FALSE,FALSE,FALSE,FALSE,TRUE,Month-to-Month,TRUE,Credit Card,50.15,50.15,0.0,0,20.3,70.45,Joined,Others,Others,1
21642-TEL,Male,60,TRUE,Telangana,12,29,None,TRUE,FALSE,TRUE,DSL,TRUE,FALSE,FALSE,TRUE,FALSE,FALSE,FALSE,TRUE,Month-to-Month,FALSE,Bank Withdrawal,54.5,54.5,0.0,0,33.21,87.71,Joined,Others,Others,1
56256-UTT,Male,40,FALSE,Uttar Pradesh,14,15,None,TRUE,FALSE,TRUE,Fiber Optic,FALSE,FALSE,FALSE,FALSE,FALSE,FALSE,FALSE,TRUE,Month-to-Month,TRUE,Credit Card,70.3,220.4,0.0,0,29.22,249.62,Joined,Others,Others,1
23632-HAR,Female,37,TRUE,Haryana,2,16,Deal 5,TRUE,FALSE,TRUE,Fiber Optic,TRUE,FALSE,FALSE,FALSE,TRUE,TRUE,TRUE,TRUE,Month-to-Month,FALSE,Bank Withdrawal,97.1,184.15,0.0,0,78.7,262.85,Joined,Others,Others,1
-MAD 51597.00,Female,26,TRUE,Madhya Pradesh,10,18,None,TRUE,FALSE,FALSE,None,FALSE,FALSE,FALSE,FALSE,FALSE,FALSE,FALSE,FALSE,Month-to-Month,FALSE,Credit Card,19.9,19.9,0.0,0,1.5,21.4,Joined,Others,Others,1
41427-HAR,Male,37,FALSE,Haryana,13,13,Deal 5,TRUE,FALSE,FALSE,None,FALSE,FALSE,FALSE,FALSE,FALSE,FALSE,FALSE,FALSE,Month-to-Month,FALSE,Bank Withdrawal,20.2,20.2,0.0,0,24.48,44.68,Joined,Others,Others,1
53612-UTT,Female,39,TRUE,Uttar Pradesh,8,34,None,TRUE,FALSE,FALSE,None,FALSE,FALSE,FALSE,FALSE,FALSE,FALSE,FALSE,FALSE,Month-to-Month,FALSE,Credit Card,20.85,72.0,0.0,0,35.31,107.31,Joined,Others,Others,1
38577-BIH,Female,30,TRUE,Bihar,6,36,None,TRUE,FALSE,TRUE,DSL,FALSE,FALSE,FALSE,FALSE,FALSE,FALSE,FALSE,TRUE,Month-to-Month,TRUE,Bank Withdrawal,44.5,90.05,0.0,0,61.74,151.79,Joined,Others,Others,1
47133-ODI,Female,60,TRUE,Odisha,15,8,None,TRUE,FALSE,TRUE,Cable,FALSE,FALSE,FALSE,FALSE,FALSE,FALSE,FALSE,TRUE,Month-to-Month,FALSE,Bank Withdrawal,44.6,122.7,0.0,0,46.77,169.47,Joined,Others,Others,1
38452-MAH,Female,34,FALSE,Maharashtra,6,14,Deal 5,TRUE,FALSE,TRUE,DSL,TRUE,FALSE,FALSE,FALSE,FALSE,FALSE,FALSE,TRUE,Month-to-Month,FALSE,Bank Withdrawal,47.95,47.95,0.0,0,46.23,94.18,Joined,Others,Others,1
61331-UTT,Male,36,TRUE,Uttarakhand,2,10,Deal 5,TRUE,FALSE,TRUE,DSL,TRUE,FALSE,FALSE,FALSE,FALSE,FALSE,FALSE,TRUE,Month-to-Month,TRUE,Credit Card,50.75,50.75,0.0,0,45.77,96.52,Joined,Others,Others,1
46730-ASS,Female,18,FALSE,Assam,5,4,Deal 5,TRUE,FALSE,TRUE,Fiber Optic,FALSE,TRUE,FALSE,FALSE,FALSE,FALSE,FALSE,TRUE,Month-to-Month,TRUE,Bank Withdrawal,74.75,144.8,0.0,0,87.12,231.92,Joined,Others,Others,1
28873-TAM,Male,55,FALSE,Tamil Nadu,7,4,None,TRUE,FALSE,TRUE,Fiber Optic,FALSE,TRUE,FALSE,FALSE,FALSE,FALSE,FALSE,TRUE,Month-to-Month,FALSE,Bank Withdrawal,74.95,151.75,0.0,0,7.52,159.27,Joined,Others,Others,1
13123-BIH,Female,46,FALSE,Bihar,13,18,Deal 5,TRUE,FALSE,TRUE,Fiber Optic,TRUE,TRUE,FALSE,FALSE,TRUE,TRUE,TRUE,FALSE,Month-to-Month,FALSE,Bank Withdrawal,100.2,198.5,0.0,10,45.12,253.62,Joined,Others,Others,1
92398-AND,Male,35,FALSE,Andhra Pradesh,5,12,Deal 5,TRUE,FALSE,FALSE,None,FALSE,FALSE,FALSE,FALSE,FALSE,FALSE,FALSE,FALSE,Month-to-Month,TRUE,Credit Card,20.0,61.7,0.0,0,46.11,107.81,Joined,Others,Others,1
23605-MAH,Female,31,TRUE,Maharashtra,1,19,None,TRUE,FALSE,FALSE,None,FALSE,FALSE,FALSE,FALSE,FALSE,FALSE,FALSE,FALSE,Month-to-Month,FALSE,Credit Card,20.75,20.75,0.0,0,7.57,28.32,Joined,Others,Others,1
25763-JHA,Female,47,TRUE,Jharkhand,9,3,Deal 5,TRUE,FALSE,TRUE,Cable,FALSE,FALSE,FALSE,FALSE,FALSE,FALSE,FALSE,TRUE,Month-to-Month,FALSE,Bank Withdrawal,44.15,44.15,0.0,0,9.82,53.97,Joined,Others,Others,1
62535-AND,Male,42,FALSE,Andhra Pradesh,8,22,Deal 5,TRUE,FALSE,TRUE,Cable,FALSE,FALSE,FALSE,TRUE,TRUE,TRUE,TRUE,TRUE,Month-to-Month,FALSE,Credit Card,70.7,225.65,0.0,0,75.12,300.77,Joined,Others,Others,1
52279-TAM,Male,53,FALSE,Tamil Nadu,15,26,Deal 5,TRUE,FALSE,TRUE,Fiber Optic,FALSE,FALSE,FALSE,FALSE,TRUE,FALSE,FALSE,TRUE,Month-to-Month,TRUE,Bank Withdrawal,80.7,239.45,0.0,0,71.16,310.61,Joined,Others,Others,1
64095-BIH,Male,27,FALSE,Bihar,2,17,None,TRUE,FALSE,FALSE,None,FALSE,FALSE,FALSE,FALSE,FALSE,FALSE,FALSE,FALSE,One Year,TRUE,Bank Withdrawal,-3.0,20.2,0.0,0,44.69,64.89,Joined,Others,Others,1
78885-TAM,Female,43,FALSE,Tamil Nadu,2,5,Deal 5,TRUE,FALSE,FALSE,None,FALSE,FALSE,FALSE,FALSE,FALSE,FALSE,FALSE,FALSE,Month-to-Month,FALSE,Credit Card,19.5,19.5,0.0,0,20.11,39.61,Joined,Others,Others,1
22137-KAR,Female,51,FALSE,Karnataka,4,28,None,TRUE,FALSE,FALSE,None,FALSE,FALSE,FALSE,FALSE,FALSE,FALSE,FALSE,FALSE,One Year,FALSE,Credit Card,19.85,19.85,0.0,0,47.46,67.31,Joined,Others,Others,1
82718-TAM,Male,32,TRUE,Tamil Nadu,12,7,None,TRUE,FALSE,FALSE,None,FALSE,FALSE,FALSE,FALSE,FALSE,FALSE,FALSE,FALSE,Month-to-Month,FALSE,Bank Withdrawal,20.7,20.7,0.0,0,45.86,66.56,Joined,Others,Others,1
86369-BIH,Female,59,FALSE,Bihar,1,2,Deal 5,TRUE,TRUE,TRUE,DSL,FALSE,TRUE,FALSE,FALSE,FALSE,FALSE,FALSE,FALSE,Month-to-Month,FALSE,Bank Withdrawal,54.3,54.3,0.0,10,34.02,98.32,Joined,Others,Others,1
-MAD 28378.00,Female,65,FALSE,Madhya Pradesh,12,1,Deal 5,TRUE,FALSE,FALSE,None,FALSE,FALSE,FALSE,FALSE,FALSE,FALSE,FALSE,FALSE,Month-to-Month,FALSE,Bank Withdrawal,19.45,19.45,0.0,0,46.59,66.04,Joined,Others,Others,1
47737-UTT,Male,42,FALSE,Uttar Pradesh,15,25,None,TRUE,FALSE,FALSE,None,FALSE,FALSE,FALSE,FALSE,FALSE,FALSE,FALSE,FALSE,Month-to-Month,FALSE,Credit Card,19.65,19.65,0.0,0,16.91,36.56,Joined,Others,Others,1
42864-ODI,Female,29,FALSE,Odisha,2,10,Deal 5,FALSE,FALSE,TRUE,DSL,FALSE,TRUE,FALSE,FALSE,FALSE,FALSE,FALSE,TRUE,Month-to-Month,TRUE,Mailed Check,30.25,63.75,0.0,0,0.0,63.75,Joined,Others,Others,1
44709-WES,Female,72,TRUE,West Bengal,7,17,None,FALSE,FALSE,TRUE,DSL,FALSE,TRUE,FALSE,FALSE,FALSE,FALSE,FALSE,TRUE,Month-to-Month,TRUE,Bank Withdrawal,30.75,82.85,0.0,0,0.0,82.85,Joined,Others,Others,1
67941-PUN,Female,46,FALSE,Punjab,9,13,Deal 5,TRUE,TRUE,TRUE,DSL,FALSE,TRUE,FALSE,FALSE,FALSE,FALSE,FALSE,FALSE,Month-to-Month,FALSE,Credit Card,54.15,101.65,0.0,10,42.6,154.25,Joined,Others,Others,1
55757-KAR,Female,32,TRUE,Karnataka,2,9,Deal 5,TRUE,FALSE,TRUE,Cable,FALSE,FALSE,TRUE,TRUE,FALSE,FALSE,FALSE,TRUE,Month-to-Month,TRUE,Mailed Check,55.8,154.55,0.0,0,12.57,167.12,Joined,Others,Others,1
73044-KAR,Male,23,TRUE,Karnataka,15,5,None,TRUE,FALSE,TRUE,Fiber Optic,FALSE,TRUE,FALSE,FALSE,FALSE,FALSE,FALSE,TRUE,Month-to-Month,FALSE,Credit Card,74.6,74.6,0.0,0,42.99,117.59,Joined,Others,Others,1
48018-RAJ,Male,39,FALSE,Rajasthan,1,14,None,TRUE,FALSE,FALSE,None,FALSE,FALSE,FALSE,FALSE,FALSE,FALSE,FALSE,FALSE,Month-to-Month,FALSE,Credit Card,19.55,19.55,0.0,0,30.63,50.18,Joined,Others,Others,1
12136-RAJ,Female,25,TRUE,Rajasthan,2,35,None,TRUE,FALSE,FALSE,None,FALSE,FALSE,FALSE,FALSE,FALSE,FALSE,FALSE,FALSE,Month-to-Month,FALSE,Bank Withdrawal,19.9,19.9,0.0,0,11.83,31.73,Joined,Others,Others,1
16764-WES,Male,40,FALSE,West Bengal,15,13,Deal 5,TRUE,FALSE,FALSE,None,FALSE,FALSE,FALSE,FALSE,FALSE,FALSE,FALSE,FALSE,Month-to-Month,FALSE,Credit Card,20.8,20.8,0.0,0,48.14,68.94,Joined,Others,Others,1
34169-RAJ,Male,51,TRUE,Rajasthan,14,30,Deal 5,TRUE,TRUE,FALSE,None,FALSE,FALSE,FALSE,FALSE,FALSE,FALSE,FALSE,FALSE,Month-to-Month,FALSE,Credit Card,24.85,62.0,0.0,0,80.5,142.5,Joined,Others,Others,1
74378-KAR,Female,37,TRUE,Karnataka,12,30,None,TRUE,FALSE,TRUE,DSL,TRUE,FALSE,FALSE,TRUE,FALSE,FALSE,FALSE,TRUE,Month-to-Month,TRUE,Credit Card,54.45,87.3,0.0,0,39.74,127.04,Joined,Others,Others,1
46378-MAH,Female,59,TRUE,Maharashtra,15,10,None,TRUE,FALSE,TRUE,Fiber Optic,FALSE,FALSE,FALSE,FALSE,FALSE,FALSE,FALSE,TRUE,Month-to-Month,TRUE,Credit Card,70.4,154.8,0.0,0,14.98,169.78,Joined,Others,Others,1
52641-JHA,Female,44,TRUE,Jharkhand,7,29,None,TRUE,FALSE,TRUE,Fiber Optic,FALSE,FALSE,FALSE,FALSE,FALSE,FALSE,FALSE,TRUE,Month-to-Month,FALSE,Mailed Check,71.1,71.1,0.0,0,37.51,108.61,Joined,Others,Others,1
76419-KAR,Male,46,TRUE,Karnataka,14,28,None,TRUE,TRUE,TRUE,Fiber Optic,FALSE,FALSE,FALSE,FALSE,TRUE,TRUE,TRUE,TRUE,Month-to-Month,FALSE,Bank Withdrawal,94.9,273.2,0.0,0,8.91,282.11,Joined,Others,Others,1
54598-TAM,Male,59,FALSE,Tamil Nadu,11,32,None,TRUE,FALSE,FALSE,None,FALSE,FALSE,FALSE,FALSE,FALSE,FALSE,FALSE,FALSE,Month-to-Month,FALSE,Credit Card,19.75,39.3,0.0,0,3.94,43.24,Joined,Others,Others,1
23078-UTT,Female,57,TRUE,Uttar Pradesh,3,24,None,TRUE,FALSE,FALSE,None,FALSE,FALSE,FALSE,FALSE,FALSE,FALSE,FALSE,FALSE,Month-to-Month,TRUE,Bank Withdrawal,20.3,20.3,0.0,0,6.64,26.94,Joined,Others,Others,1
62359-AND,Female,48,TRUE,Andhra Pradesh,5,24,Deal 5,FALSE,FALSE,TRUE,Cable,FALSE,TRUE,FALSE,TRUE,FALSE,FALSE,FALSE,FALSE,Month-to-Month,FALSE,Credit Card,33.6,33.6,0.0,50,0.0,83.6,Joined,Others,Others,1
61203-PUN,Female,19,FALSE,Punjab,11,11,None,TRUE,TRUE,TRUE,Cable,FALSE,FALSE,FALSE,TRUE,TRUE,FALSE,FALSE,TRUE,Month-to-Month,FALSE,Bank Withdrawal,64.6,174.2,0.0,0,122.97,297.17,Joined,Others,Others,1
-MAD 33621.00,Female,42,FALSE,Madhya Pradesh,13,12,Deal 5,TRUE,FALSE,TRUE,Fiber Optic,FALSE,FALSE,FALSE,FALSE,FALSE,FALSE,FALSE,FALSE,Month-to-Month,TRUE,Bank Withdrawal,70.35,120.25,0.0,20,15.4,155.65,Joined,Others,Others,1
83440-GUJ,Male,53,FALSE,Gujarat,4,14,None,TRUE,FALSE,FALSE,None,FALSE,FALSE,FALSE,FALSE,FALSE,FALSE,FALSE,FALSE,Month-to-Month,FALSE,Bank Withdrawal,20.0,49.65,0.0,0,93.18,142.83,Joined,Others,Others,1
78253-GUJ,Male,63,FALSE,Gujarat,13,30,None,TRUE,FALSE,TRUE,Fiber Optic,FALSE,TRUE,FALSE,FALSE,FALSE,TRUE,TRUE,TRUE,Month-to-Month,TRUE,Bank Withdrawal,85.0,85.0,0.0,0,15.2,100.2,Joined,Others,Others,1
13946-HAR,Female,41,TRUE,Haryana,1,3,Deal 5,TRUE,FALSE,FALSE,None,FALSE,FALSE,FALSE,FALSE,FALSE,FALSE,FALSE,FALSE,Month-to-Month,FALSE,Credit Card,19.65,19.65,0.0,0,23.67,43.32,Joined,Others,Others,1
86891-GUJ,Male,25,FALSE,Gujarat,7,5,None,TRUE,FALSE,FALSE,None,FALSE,FALSE,FALSE,FALSE,FALSE,FALSE,FALSE,FALSE,Month-to-Month,FALSE,Credit Card,20.05,20.05,0.0,0,18.15,38.2,Joined,Others,Others,1
38663-UTT,Male,42,FALSE,Uttar Pradesh,7,15,Deal 5,TRUE,FALSE,FALSE,None,FALSE,FALSE,FALSE,FALSE,FALSE,FALSE,FALSE,FALSE,Month-to-Month,FALSE,Credit Card,20.3,40.25,0.0,0,14.54,54.79,Joined,Others,Others,1
51214-MAH,Male,28,FALSE,Maharashtra,12,22,None,TRUE,FALSE,TRUE,Fiber Optic,FALSE,FALSE,TRUE,FALSE,FALSE,FALSE,FALSE,FALSE,Month-to-Month,TRUE,Credit Card,73.6,232.5,0.0,10,82.02,324.52,Joined,Others,Others,1
26448-BIH,Female,57,FALSE,Bihar,10,21,Deal 5,TRUE,FALSE,TRUE,DSL,FALSE,TRUE,FALSE,TRUE,TRUE,TRUE,TRUE,TRUE,Month-to-Month,TRUE,Bank Withdrawal,75.3,244.1,0.0,0,116.97,361.07,Joined,Others,Others,1
66164-CHH,Female,62,FALSE,Chhattisgarh,13,20,None,TRUE,FALSE,FALSE,None,FALSE,FALSE,FALSE,FALSE,FALSE,FALSE,FALSE,FALSE,Month-to-Month,FALSE,Credit Card,19.4,61.05,0.0,0,13.3,74.35,Joined,Others,Others,1
88728-UTT,Female,42,FALSE,Uttar Pradesh,12,9,None,TRUE,FALSE,FALSE,None,FALSE,FALSE,FALSE,FALSE,FALSE,FALSE,FALSE,FALSE,One Year,FALSE,Credit Card,21.2,52.05,0.0,0,36.15,88.2,Joined,Others,Others,1
34110-MAH,Female,20,TRUE,Maharashtra,6,3,None,TRUE,TRUE,TRUE,Cable,FALSE,FALSE,FALSE,FALSE,FALSE,FALSE,FALSE,TRUE,Month-to-Month,TRUE,Bank Withdrawal,50.1,50.1,0.0,0,29.13,79.23,Joined,Others,Others,1
83080-HAR,Female,54,FALSE,Haryana,9,4,None,TRUE,FALSE,TRUE,Fiber Optic,FALSE,FALSE,FALSE,FALSE,FALSE,FALSE,FALSE,TRUE,Month-to-Month,TRUE,Bank Withdrawal,70.15,194.2,0.0,0,16.89,211.09,Joined,Others,Others,1
71197-PUN,Female,38,FALSE,Punjab,0,33,Deal 5,TRUE,FALSE,TRUE,Cable,TRUE,FALSE,TRUE,FALSE,TRUE,TRUE,TRUE,TRUE,Month-to-Month,TRUE,Bank Withdrawal,77.4,206.15,0.0,0,133.26,339.41,Joined,Others,Others,1
66712-GUJ,Female,47,TRUE,Gujarat,6,33,Deal 5,TRUE,FALSE,TRUE,Fiber Optic,FALSE,TRUE,FALSE,FALSE,FALSE,TRUE,TRUE,TRUE,Month-to-Month,FALSE,Bank Withdrawal,84.3,235.05,0.0,0,41.16,276.21,Joined,Others,Others,1
22765-MAH,Female,40,TRUE,Maharashtra,6,16,Deal 5,TRUE,FALSE,FALSE,None,FALSE,FALSE,FALSE,FALSE,FALSE,FALSE,FALSE,FALSE,Month-to-Month,FALSE,Bank Withdrawal,19.45,19.45,0.0,0,16.44,35.89,Joined,Others,Others,1
14567-TAM,Male,43,FALSE,Tamil Nadu,1,9,None,TRUE,FALSE,FALSE,None,FALSE,FALSE,FALSE,FALSE,FALSE,FALSE,FALSE,FALSE,Month-to-Month,FALSE,Credit Card,20.35,20.35,0.0,0,44.09,64.44,Joined,Others,Others,1
36323-UTT,Female,48,FALSE,Uttar Pradesh,14,11,None,TRUE,FALSE,FALSE,None,FALSE,FALSE,FALSE,FALSE,FALSE,FALSE,FALSE,FALSE,One Year,FALSE,Bank Withdrawal,20.5,38.25,0.0,0,62.02,100.27,Joined,Others,Others,1
39128-PUN,Male,36,FALSE,Punjab,15,22,Deal 5,TRUE,FALSE,TRUE,DSL,FALSE,FALSE,FALSE,FALSE,FALSE,FALSE,FALSE,FALSE,Month-to-Month,TRUE,Bank Withdrawal,44.75,44.75,0.0,10,18.57,73.32,Joined,Others,Others,1
57012-TAM,Female,78,TRUE,Tamil Nadu,11,29,Deal 5,TRUE,FALSE,TRUE,DSL,FALSE,FALSE,FALSE,FALSE,FALSE,FALSE,FALSE,TRUE,Two Year,FALSE,Bank Withdrawal,45.2,45.2,0.0,0,49.34,94.54,Joined,Others,Others,1
31129-AND,Male,68,FALSE,Andhra Pradesh,15,15,None,TRUE,FALSE,TRUE,Fiber Optic,FALSE,FALSE,FALSE,FALSE,FALSE,FALSE,FALSE,FALSE,Month-to-Month,TRUE,Bank Withdrawal,70.35,70.35,0.0,10,14.42,94.77,Joined,Others,Others,1
24990-WES,Female,36,FALSE,West Bengal,8,24,None,TRUE,FALSE,TRUE,Fiber Optic,FALSE,FALSE,FALSE,FALSE,FALSE,FALSE,FALSE,TRUE,Month-to-Month,TRUE,Bank Withdrawal,71.65,135.75,0.0,0,58.06,193.81,Joined,Others,Others,1
66766-UTT,Female,38,FALSE,Uttar Pradesh,6,10,Deal 5,TRUE,TRUE,TRUE,Fiber Optic,FALSE,FALSE,FALSE,FALSE,FALSE,FALSE,FALSE,TRUE,Month-to-Month,TRUE,Bank Withdrawal,74.95,212.4,27.6,0,4.92,189.72,Joined,Others,Others,1
36628-GUJ,Female,44,TRUE,Gujarat,7,1,Deal 5,TRUE,FALSE,TRUE,Fiber Optic,TRUE,FALSE,FALSE,TRUE,FALSE,FALSE,FALSE,TRUE,Month-to-Month,TRUE,Bank Withdrawal,80.15,194.55,0.0,0,53.16,247.71,Joined,Others,Others,1
57256-BIH,Female,18,FALSE,Bihar,9,7,None,TRUE,FALSE,FALSE,None,FALSE,FALSE,FALSE,FALSE,FALSE,FALSE,FALSE,FALSE,Month-to-Month,FALSE,Credit Card,19.85,57.2,0.0,0,9.36,66.56,Joined,Others,Others,1
18027-UTT,Female,58,TRUE,Uttar Pradesh,15,30,Deal 5,TRUE,FALSE,FALSE,None,FALSE,FALSE,FALSE,FALSE,FALSE,FALSE,FALSE,FALSE,Month-to-Month,TRUE,Credit Card,19.9,33.7,0.0,0,7.64,41.34,Joined,Others,Others,1
55831-TAM,Male,43,FALSE,Tamil Nadu,11,13,Deal 5,TRUE,FALSE,FALSE,None,FALSE,FALSE,FALSE,FALSE,FALSE,FALSE,FALSE,FALSE,Month-to-Month,FALSE,Mailed Check,19.95,58.3,0.0,0,15.45,73.75,Joined,Others,Others,1
35635-TEL,Female,26,TRUE,Telangana,10,5,None,TRUE,FALSE,FALSE,None,FALSE,FALSE,FALSE,FALSE,FALSE,FALSE,FALSE,FALSE,Month-to-Month,FALSE,Mailed Check,20.4,20.4,0.0,0,17.81,38.21,Joined,Others,Others,1
26902-TEL,Male,52,TRUE,Telangana,7,2,None,TRUE,FALSE,TRUE,Fiber Optic,FALSE,FALSE,FALSE,TRUE,TRUE,TRUE,TRUE,TRUE,Month-to-Month,TRUE,Bank Withdrawal,95.85,95.85,0.0,0,2.7,98.55,Joined,Others,Others,1
38748-AND,Female,22,TRUE,Andhra Pradesh,13,6,None,TRUE,FALSE,FALSE,None,FALSE,FALSE,FALSE,FALSE,FALSE,FALSE,FALSE,FALSE,Month-to-Month,FALSE,Bank Withdrawal,19.65,19.65,0.0,0,27.88,47.53,Joined,Others,Others,1
-MAD 57457.00,Female,46,FALSE,Madhya Pradesh,14,34,None,TRUE,FALSE,FALSE,None,FALSE,FALSE,FALSE,FALSE,FALSE,FALSE,FALSE,FALSE,Month-to-Month,FALSE,Mailed Check,20.0,38.0,0.0,0,68.76,106.76,Joined,Others,Others,1
45672-TAM,Female,29,FALSE,Tamil Nadu,0,2,None,TRUE,FALSE,FALSE,None,FALSE,FALSE,FALSE,FALSE,FALSE,FALSE,FALSE,FALSE,Month-to-Month,FALSE,Mailed Check,20.2,20.2,0.0,0,42.15,62.35,Joined,Others,Others,1
-MAD 77311.00,Male,47,TRUE,Madhya Pradesh,9,19,Deal 5,TRUE,FALSE,FALSE,None,FALSE,FALSE,FALSE,FALSE,FALSE,FALSE,FALSE,FALSE,Month-to-Month,FALSE,Credit Card,20.25,20.25,0.0,0,40.46,60.71,Joined,Others,Others,1
29093-ASS,Male,57,TRUE,Assam,6,6,None,TRUE,FALSE,FALSE,None,FALSE,FALSE,FALSE,FALSE,FALSE,FALSE,FALSE,FALSE,Month-to-Month,TRUE,Mailed Check,20.45,20.45,0.0,0,11.61,32.06,Joined,Others,Others,1
32375-UTT,Female,23,TRUE,Uttar Pradesh,1,3,None,TRUE,FALSE,FALSE,None,FALSE,FALSE,FALSE,FALSE,FALSE,FALSE,FALSE,FALSE,Month-to-Month,FALSE,Mailed Check,20.9,20.9,0.0,0,10.21,31.11,Joined,Others,Others,1
92228-BIH,Female,22,TRUE,Bihar,10,9,None,FALSE,FALSE,TRUE,Cable,FALSE,FALSE,FALSE,FALSE,FALSE,FALSE,FALSE,TRUE,Month-to-Month,TRUE,Credit Card,25.15,25.15,0.0,0,0.0,25.15,Joined,Others,Others,1
17796-BIH,Female,65,FALSE,Bihar,5,1,None,TRUE,FALSE,TRUE,Cable,TRUE,FALSE,FALSE,FALSE,FALSE,FALSE,FALSE,TRUE,Month-to-Month,TRUE,Bank Withdrawal,48.45,48.45,0.0,0,16.42,64.87,Joined,Others,Others,1
43908-WES,Male,36,FALSE,West Bengal,3,25,None,TRUE,FALSE,TRUE,Fiber Optic,FALSE,FALSE,FALSE,FALSE,FALSE,FALSE,FALSE,TRUE,Month-to-Month,FALSE,Bank Withdrawal,70.35,139.25,0.0,0,89.54,228.79,Joined,Others,Others,1
13666-UTT,Male,57,TRUE,Uttarakhand,15,16,None,TRUE,FALSE,TRUE,Fiber Optic,FALSE,TRUE,FALSE,FALSE,TRUE,TRUE,TRUE,TRUE,Month-to-Month,FALSE,Bank Withdrawal,95.4,293.15,0.0,0,51.03,344.18,Joined,Others,Others,1
81169-TEL,Female,62,TRUE,Telangana,4,2,None,TRUE,FALSE,FALSE,None,FALSE,FALSE,FALSE,FALSE,FALSE,FALSE,FALSE,FALSE,Month-to-Month,FALSE,Bank Withdrawal,18.85,18.85,0.0,0,7.8,26.65,Joined,Others,Others,1
34101-TAM,Female,41,FALSE,Tamil Nadu,5,35,None,TRUE,FALSE,FALSE,None,FALSE,FALSE,FALSE,FALSE,FALSE,FALSE,FALSE,FALSE,Month-to-Month,FALSE,Bank Withdrawal,20.2,50.6,0.0,0,55.29,105.89,Joined,Others,Others,1
86703-WES,Female,54,TRUE,West Bengal,14,35,Deal 5,TRUE,FALSE,FALSE,None,FALSE,FALSE,FALSE,FALSE,FALSE,FALSE,FALSE,FALSE,Month-to-Month,FALSE,Bank Withdrawal,20.65,20.65,0.0,0,1.47,22.12,Joined,Others,Others,1
26412-ASS,Female,30,FALSE,Assam,7,18,None,TRUE,FALSE,FALSE,None,FALSE,FALSE,FALSE,FALSE,FALSE,FALSE,FALSE,FALSE,Month-to-Month,TRUE,Bank Withdrawal,20.7,39.85,0.0,0,27.78,67.63,Joined,Others,Others,1
45978-GUJ,Female,38,TRUE,Gujarat,2,19,None,TRUE,FALSE,FALSE,None,FALSE,FALSE,FALSE,FALSE,FALSE,FALSE,FALSE,FALSE,Month-to-Month,FALSE,Credit Card,20.75,44.2,0.0,0,55.34,99.54,Joined,Others,Others,1
98301-WES,Male,28,TRUE,West Bengal,4,27,None,TRUE,FALSE,TRUE,Cable,TRUE,FALSE,TRUE,FALSE,FALSE,FALSE,FALSE,TRUE,Month-to-Month,FALSE,Bank Withdrawal,53.45,119.5,0.0,0,25.18,144.68,Joined,Others,Others,1
51751-KER,Female,62,FALSE,Kerala,9,25,None,TRUE,FALSE,TRUE,Fiber Optic,FALSE,FALSE,FALSE,FALSE,FALSE,FALSE,FALSE,TRUE,Month-to-Month,TRUE,Bank Withdrawal,70.15,123.8,0.0,0,67.5,191.3,Joined,Others,Others,1
79777-MAH,Male,77,TRUE,Maharashtra,13,33,None,TRUE,TRUE,TRUE,Fiber Optic,FALSE,FALSE,FALSE,FALSE,FALSE,FALSE,FALSE,TRUE,Month-to-Month,TRUE,Mailed Check,72.6,154.3,0.0,0,30.38,184.68,Joined,Others,Others,1
32586-UTT,Female,25,FALSE,Uttar Pradesh,15,10,None,TRUE,TRUE,FALSE,None,FALSE,FALSE,FALSE,FALSE,FALSE,FALSE,FALSE,FALSE,Month-to-Month,TRUE,Credit Card,-8.0,25.75,0.0,0,15.22,40.97,Joined,Others,Others,1
21165-DEL,Female,38,FALSE,Delhi,2,32,Deal 5,TRUE,FALSE,FALSE,None,FALSE,FALSE,FALSE,FALSE,FALSE,FALSE,FALSE,FALSE,Month-to-Month,FALSE,Credit Card,19.95,38.15,0.0,0,69.14,107.29,Joined,Others,Others,1
32587-UTT,Female,30,FALSE,Uttar Pradesh,1,27,None,TRUE,FALSE,TRUE,Cable,FALSE,FALSE,FALSE,FALSE,FALSE,FALSE,FALSE,TRUE,Month-to-Month,FALSE,Credit Card,45.45,141.7,0.0,0,61.11,202.81,Joined,Others,Others,1
66868-HAR,Female,25,TRUE,Haryana,13,10,None,TRUE,FALSE,TRUE,Fiber Optic,FALSE,FALSE,FALSE,FALSE,FALSE,FALSE,FALSE,FALSE,Month-to-Month,TRUE,Bank Withdrawal,70.25,70.25,0.0,10,10.05,90.3,Joined,Others,Others,1
45038-BIH,Female,25,TRUE,Bihar,7,14,None,TRUE,FALSE,TRUE,Fiber Optic,TRUE,FALSE,FALSE,FALSE,FALSE,FALSE,FALSE,TRUE,Month-to-Month,TRUE,Bank Withdrawal,74.55,233.65,0.0,0,30.3,263.95,Joined,Others,Others,1
16244-UTT,Female,19,TRUE,Uttar Pradesh,5,7,None,TRUE,FALSE,FALSE,None,FALSE,FALSE,FALSE,FALSE,FALSE,FALSE,FALSE,FALSE,Month-to-Month,FALSE,Credit Card,19.55,19.55,0.0,0,5.1,24.65,Joined,Others,Others,1
13823-TEL,Female,31,TRUE,Telangana,1,28,Deal 5,FALSE,FALSE,TRUE,DSL,FALSE,FALSE,FALSE,FALSE,FALSE,FALSE,FALSE,TRUE,Month-to-Month,FALSE,Bank Withdrawal,24.5,46.4,0.0,0,0.0,46.4,Joined,Others,Others,1
88107-JAM,Female,58,FALSE,Jammu & Kashmir,10,34,None,FALSE,FALSE,TRUE,DSL,FALSE,FALSE,FALSE,TRUE,FALSE,FALSE,FALSE,FALSE,Month-to-Month,FALSE,Credit Card,30.55,30.55,0.0,40,0.0,70.55,Joined,Others,Others,1
44202-TEL,Female,50,TRUE,Telangana,9,14,None,TRUE,FALSE,TRUE,Fiber Optic,FALSE,FALSE,FALSE,FALSE,FALSE,FALSE,FALSE,TRUE,Month-to-Month,TRUE,Credit Card,69.95,69.95,0.0,0,11.45,81.4,Joined,Others,Others,1
91320-PUD,Female,58,FALSE,Puducherry,0,18,None,TRUE,FALSE,TRUE,Fiber Optic,FALSE,FALSE,FALSE,FALSE,FALSE,FALSE,FALSE,TRUE,Month-to-Month,FALSE,Bank Withdrawal,70.1,70.1,0.0,0,1.15,71.25,Joined,Others,Others,1
84613-BIH,Female,30,FALSE,Bihar,8,22,Deal 5,TRUE,TRUE,TRUE,Fiber Optic,FALSE,TRUE,FALSE,FALSE,FALSE,FALSE,FALSE,FALSE,Month-to-Month,TRUE,Credit Card,79.15,79.15,0.0,60,18.0,157.15,Joined,Others,Others,1
68556-MAH,Male,68,FALSE,Maharashtra,4,23,None,TRUE,FALSE,FALSE,None,FALSE,FALSE,FALSE,FALSE,FALSE,FALSE,FALSE,FALSE,Month-to-Month,FALSE,Credit Card,20.2,20.2,0.0,0,13.08,33.28,Joined,Others,Others,1
23683-TEL,Male,26,FALSE,Telangana,10,16,None,TRUE,FALSE,FALSE,None,FALSE,FALSE,FALSE,FALSE,FALSE,FALSE,FALSE,FALSE,Month-to-Month,TRUE,Credit Card,20.25,20.25,0.0,0,42.96,63.21,Joined,Others,Others,1
27561-UTT,Female,19,FALSE,Uttar Pradesh,6,10,Deal 5,TRUE,FALSE,FALSE,None,FALSE,FALSE,FALSE,FALSE,FALSE,FALSE,FALSE,FALSE,Month-to-Month,TRUE,Credit Card,20.25,20.25,0.0,0,47.25,67.5,Joined,Others,Others,1
83050-PUN,Female,25,TRUE,Punjab,7,20,None,TRUE,FALSE,FALSE,None,FALSE,FALSE,FALSE,FALSE,FALSE,FALSE,FALSE,FALSE,One Year,FALSE,Credit Card,20.45,34.8,0.0,0,92.0,126.8,Joined,Others,Others,1
19041-AND,Female,36,FALSE,Andhra Pradesh,6,21,Deal 5,FALSE,FALSE,TRUE,Cable,TRUE,FALSE,FALSE,TRUE,FALSE,FALSE,FALSE,TRUE,Month-to-Month,FALSE,Credit Card,35.1,101.1,0.0,0,0.0,101.1,Joined,Others,Others,1
58577-ODI,Female,44,TRUE,Odisha,7,36,Deal 5,TRUE,FALSE,TRUE,DSL,FALSE,FALSE,FALSE,FALSE,FALSE,FALSE,FALSE,TRUE,Month-to-Month,TRUE,Credit Card,45.85,105.6,0.0,0,10.94,116.54,Joined,Others,Others,1
96430-PUN,Male,37,FALSE,Punjab,0,23,None,TRUE,FALSE,TRUE,DSL,TRUE,FALSE,FALSE,FALSE,FALSE,FALSE,FALSE,TRUE,Month-to-Month,TRUE,Credit Card,48.75,48.75,0.0,0,26.26,75.01,Joined,Others,Others,1
79427-KAR,Male,67,TRUE,Karnataka,12,21,Deal 5,TRUE,FALSE,TRUE,Fiber Optic,FALSE,FALSE,FALSE,FALSE,FALSE,FALSE,FALSE,TRUE,Month-to-Month,FALSE,Bank Withdrawal,70.1,141.65,0.0,0,69.98,211.63,Joined,Others,Others,1
56460-MAH,Male,38,TRUE,Maharashtra,12,23,Deal 5,TRUE,FALSE,TRUE,Fiber Optic,FALSE,FALSE,FALSE,FALSE,FALSE,FALSE,FALSE,FALSE,Month-to-Month,FALSE,Credit Card,-1.0,129.2,0.0,10,5.44,144.64,Joined,Others,Others,1
17154-HAR,Male,32,FALSE,Haryana,13,4,None,TRUE,FALSE,FALSE,None,FALSE,FALSE,FALSE,FALSE,FALSE,FALSE,FALSE,FALSE,One Year,FALSE,Mailed Check,18.8,18.8,0.0,0,43.57,62.37,Joined,Others,Others,1
15803-UTT,Female,34,FALSE,Uttar Pradesh,6,31,None,TRUE,FALSE,FALSE,None,FALSE,FALSE,FALSE,FALSE,FALSE,FALSE,FALSE,FALSE,Month-to-Month,FALSE,Credit Card,19.15,19.15,0.0,0,22.37,41.52,Joined,Others,Others,1
78021-UTT,Female,45,TRUE,Uttar Pradesh,12,35,Deal 5,TRUE,TRUE,FALSE,None,FALSE,FALSE,FALSE,FALSE,FALSE,FALSE,FALSE,FALSE,Month-to-Month,TRUE,Credit Card,25.0,25.0,0.0,0,3.39,28.39,Joined,Others,Others,1
79168-UTT,Female,78,FALSE,Uttar Pradesh,2,10,Deal 5,TRUE,FALSE,TRUE,Cable,FALSE,FALSE,FALSE,FALSE,FALSE,FALSE,FALSE,TRUE,One Year,TRUE,Bank Withdrawal,44.3,89.3,0.0,0,47.82,137.12,Joined,Others,Others,1
21956-JHA,Female,59,TRUE,Jharkhand,10,8,None,TRUE,FALSE,TRUE,Fiber Optic,TRUE,FALSE,FALSE,TRUE,FALSE,FALSE,FALSE,FALSE,Month-to-Month,TRUE,Credit Card,82.3,214.4,0.0,20,134.91,369.31,Joined,Others,Others,1
92494-MAH,Female,39,TRUE,Maharashtra,11,19,None,TRUE,FALSE,TRUE,Fiber Optic,TRUE,TRUE,FALSE,FALSE,TRUE,FALSE,FALSE,FALSE,Month-to-Month,TRUE,Bank Withdrawal,91.15,168.5,0.0,10,93.56,272.06,Joined,Others,Others,1
78978-UTT,Male,54,FALSE,Uttar Pradesh,0,13,Deal 5,TRUE,FALSE,FALSE,None,FALSE,FALSE,FALSE,FALSE,FALSE,FALSE,FALSE,FALSE,Month-to-Month,FALSE,Credit Card,19.3,19.3,0.0,0,16.36,35.66,Joined,Others,Others,1
53449-MAH,Female,52,FALSE,Maharashtra,8,17,None,TRUE,FALSE,FALSE,None,FALSE,FALSE,FALSE,FALSE,FALSE,FALSE,FALSE,FALSE,Month-to-Month,FALSE,Credit Card,19.9,19.9,0.0,0,2.38,22.28,Joined,Others,Others,1
85428-HAR,Female,62,TRUE,Haryana,11,18,None,TRUE,FALSE,FALSE,None,FALSE,FALSE,FALSE,FALSE,FALSE,FALSE,FALSE,FALSE,Month-to-Month,FALSE,Credit Card,20.1,39.8,0.0,0,71.0,110.8,Joined,Others,Others,1
74033-ASS,Female,45,TRUE,Assam,15,20,None,FALSE,FALSE,TRUE,Cable,FALSE,FALSE,FALSE,FALSE,FALSE,FALSE,FALSE,TRUE,Month-to-Month,FALSE,Bank Withdrawal,25.25,25.25,0.0,0,0.0,25.25,Joined,Others,Others,1
54997-UTT,Female,55,FALSE,Uttar Pradesh,7,23,None,TRUE,FALSE,TRUE,DSL,FALSE,FALSE,FALSE,FALSE,FALSE,FALSE,FALSE,TRUE,Month-to-Month,TRUE,Credit Card,44.0,44.0,0.0,0,26.15,70.15,Joined,Others,Others,1
19541-ODI,Female,37,TRUE,Odisha,15,14,Deal 5,TRUE,FALSE,TRUE,Cable,FALSE,FALSE,FALSE,FALSE,FALSE,FALSE,FALSE,TRUE,Month-to-Month,TRUE,Credit Card,45.25,74.2,0.0,0,79.0,153.2,Joined,Others,Others,1
61025-MAH,Female,45,FALSE,Maharashtra,4,16,Deal 5,TRUE,FALSE,TRUE,DSL,FALSE,FALSE,TRUE,FALSE,FALSE,FALSE,FALSE,TRUE,Month-to-Month,TRUE,Bank Withdrawal,49.85,49.85,0.0,0,42.55,92.4,Joined,Others,Others,1
45213-AND,Female,25,TRUE,Andhra Pradesh,15,5,Deal 5,TRUE,FALSE,TRUE,Cable,TRUE,FALSE,FALSE,FALSE,FALSE,TRUE,TRUE,TRUE,Month-to-Month,TRUE,Credit Card,61.2,125.95,0.0,0,64.12,190.07,Joined,Others,Others,1
77230-RAJ,Female,59,TRUE,Rajasthan,5,4,None,TRUE,FALSE,FALSE,None,FALSE,FALSE,FALSE,FALSE,FALSE,FALSE,FALSE,FALSE,Month-to-Month,TRUE,Bank Withdrawal,19.65,31.2,0.0,0,15.6,46.8,Joined,Others,Others,1
13744-AND,Female,41,TRUE,Andhra Pradesh,8,3,Deal 5,TRUE,FALSE,FALSE,None,FALSE,FALSE,FALSE,FALSE,FALSE,FALSE,FALSE,FALSE,Month-to-Month,TRUE,Bank Withdrawal,19.65,19.65,0.0,0,13.85,33.5,Joined,Others,Others,1
36483-KAR,Male,42,FALSE,Karnataka,2,14,None,TRUE,FALSE,FALSE,None,FALSE,FALSE,FALSE,FALSE,FALSE,FALSE,FALSE,FALSE,Month-to-Month,FALSE,Credit Card,19.75,19.75,0.0,0,15.77,35.52,Joined,Others,Others,1
98767-WES,Female,26,FALSE,West Bengal,14,7,None,TRUE,FALSE,FALSE,None,FALSE,FALSE,FALSE,FALSE,FALSE,FALSE,FALSE,FALSE,Month-to-Month,FALSE,Credit Card,20.05,20.05,0.0,0,11.1,31.15,Joined,Others,Others,1
77678-JHA,Female,41,TRUE,Jharkhand,1,29,None,TRUE,FALSE,TRUE,DSL,TRUE,FALSE,FALSE,FALSE,FALSE,FALSE,FALSE,TRUE,Month-to-Month,FALSE,Bank Withdrawal,49.55,49.55,0.0,0,10.83,60.38,Joined,Others,Others,1
31294-KAR,Male,50,TRUE,Karnataka,15,33,Deal 5,TRUE,FALSE,TRUE,DSL,TRUE,FALSE,FALSE,FALSE,FALSE,FALSE,FALSE,TRUE,Month-to-Month,FALSE,Bank Withdrawal,49.75,49.75,0.0,0,41.79,91.54,Joined,Others,Others,1
65987-TAM,Male,52,TRUE,Tamil Nadu,9,34,Deal 5,TRUE,TRUE,TRUE,DSL,TRUE,TRUE,FALSE,FALSE,FALSE,FALSE,FALSE,TRUE,Month-to-Month,FALSE,Bank Withdrawal,61.15,61.15,0.0,0,17.07,78.22,Joined,Others,Others,1
26500-GUJ,Female,62,TRUE,Gujarat,3,19,Deal 5,TRUE,FALSE,TRUE,Cable,TRUE,FALSE,FALSE,FALSE,FALSE,TRUE,TRUE,TRUE,Month-to-Month,TRUE,Mailed Check,62.15,113.1,0.0,0,96.78,209.88,Joined,Others,Others,1
12257-ASS,Female,39,FALSE,Assam,9,1,None,TRUE,FALSE,FALSE,None,FALSE,FALSE,FALSE,FALSE,FALSE,FALSE,FALSE,FALSE,Month-to-Month,TRUE,Credit Card,19.55,19.55,0.0,0,10.2,29.75,Joined,Others,Others,1
11751-TAM,Female,18,FALSE,Tamil Nadu,5,7,Deal 5,FALSE,FALSE,TRUE,DSL,FALSE,FALSE,FALSE,FALSE,FALSE,FALSE,FALSE,TRUE,Month-to-Month,FALSE,Mailed Check,24.3,38.45,0.0,0,0.0,38.45,Joined,Others,Others,1
93700-MAH,Female,57,FALSE,Maharashtra,8,20,Deal 5,TRUE,FALSE,TRUE,Cable,TRUE,FALSE,FALSE,FALSE,FALSE,FALSE,FALSE,TRUE,Month-to-Month,TRUE,Credit Card,50.7,50.7,0.0,0,38.05,88.75,Joined,Others,Others,1
43877-PUN,Male,23,FALSE,Punjab,6,3,None,TRUE,FALSE,TRUE,DSL,FALSE,FALSE,TRUE,FALSE,FALSE,TRUE,TRUE,TRUE,Month-to-Month,FALSE,Bank Withdrawal,60.85,111.4,0.0,0,30.5,141.9,Joined,Others,Others,1
87077-TAM,Male,62,TRUE,Tamil Nadu,3,21,Deal 5,TRUE,FALSE,TRUE,Cable,FALSE,FALSE,TRUE,FALSE,TRUE,TRUE,TRUE,TRUE,Month-to-Month,FALSE,Credit Card,69.0,147.8,0.0,0,54.82,202.62,Joined,Others,Others,1
97828-MAH,Female,57,FALSE,Maharashtra,0,12,Deal 5,TRUE,FALSE,TRUE,Fiber Optic,FALSE,FALSE,FALSE,FALSE,TRUE,TRUE,TRUE,TRUE,Month-to-Month,TRUE,Bank Withdrawal,92.0,266.8,0.0,0,46.8,313.6,Joined,Others,Others,1
97427-JAM,Female,27,TRUE,Jammu & Kashmir,9,2,Deal 5,TRUE,FALSE,FALSE,None,FALSE,FALSE,FALSE,FALSE,FALSE,FALSE,FALSE,FALSE,Month-to-Month,TRUE,Credit Card,20.35,20.35,0.0,0,29.86,50.21,Joined,Others,Others,1
87704-GUJ,Female,38,TRUE,Gujarat,9,24,Deal 5,TRUE,FALSE,FALSE,None,FALSE,FALSE,FALSE,FALSE,FALSE,FALSE,FALSE,FALSE,Two Year,FALSE,Credit Card,20.45,20.45,0.0,0,43.82,64.27,Joined,Others,Others,1
51657-TAM,Male,54,FALSE,Tamil Nadu,13,16,None,TRUE,FALSE,FALSE,None,FALSE,FALSE,FALSE,FALSE,FALSE,FALSE,FALSE,FALSE,Month-to-Month,FALSE,Credit Card,20.85,60.65,0.0,0,58.74,119.39,Joined,Others,Others,1
67882-UTT,Female,44,FALSE,Uttar Pradesh,3,16,Deal 5,TRUE,FALSE,TRUE,DSL,FALSE,FALSE,FALSE,FALSE,FALSE,FALSE,FALSE,TRUE,Month-to-Month,FALSE,Bank Withdrawal,43.8,43.8,0.0,0,37.5,81.3,Joined,Others,Others,1
95594-TAM,Female,64,FALSE,Tamil Nadu,4,1,None,TRUE,FALSE,TRUE,DSL,FALSE,FALSE,FALSE,FALSE,FALSE,FALSE,FALSE,TRUE,Month-to-Month,FALSE,Bank Withdrawal,44.0,44.0,0.0,0,15.66,59.66,Joined,Others,Others,1
35075-PUN,Male,64,TRUE,Punjab,5,9,None,TRUE,FALSE,TRUE,Cable,FALSE,FALSE,TRUE,TRUE,FALSE,FALSE,FALSE,TRUE,Month-to-Month,FALSE,Credit Card,55.05,55.05,0.0,0,14.65,69.7,Joined,Others,Others,1
82129-JHA,Female,26,FALSE,Jharkhand,9,8,Deal 5,TRUE,FALSE,TRUE,DSL,FALSE,TRUE,FALSE,FALSE,TRUE,FALSE,FALSE,TRUE,Month-to-Month,TRUE,Credit Card,58.7,168.6,0.0,0,34.41,203.01,Joined,Others,Others,1
71261-TAM,Female,59,FALSE,Tamil Nadu,2,27,None,TRUE,FALSE,TRUE,Cable,TRUE,TRUE,FALSE,TRUE,FALSE,TRUE,TRUE,TRUE,Month-to-Month,TRUE,Bank Withdrawal,70.45,70.45,0.0,0,20.1,90.55,Joined,Others,Others,1
12490-TEL,Female,52,FALSE,Telangana,9,6,None,TRUE,FALSE,TRUE,Fiber Optic,FALSE,FALSE,TRUE,FALSE,FALSE,FALSE,FALSE,TRUE,Month-to-Month,TRUE,Mailed Check,74.75,238.1,38.84,0,37.5,236.76,Joined,Others,Others,1
19811-MAH,Female,35,TRUE,Maharashtra,10,7,Deal 5,TRUE,FALSE,TRUE,Fiber Optic,TRUE,TRUE,FALSE,FALSE,TRUE,FALSE,FALSE,TRUE,Month-to-Month,FALSE,Bank Withdrawal,89.85,248.4,0.0,0,99.9,348.3,Joined,Others,Others,1
82170-TAM,Male,41,FALSE,Tamil Nadu,5,29,None,TRUE,FALSE,TRUE,DSL,FALSE,FALSE,FALSE,FALSE,FALSE,FALSE,FALSE,TRUE,Month-to-Month,FALSE,Mailed Check,44.6,44.6,0.0,0,45.28,89.88,Joined,Others,Others,1
63487-MAH,Female,36,TRUE,Maharashtra,8,34,None,TRUE,FALSE,TRUE,Cable,FALSE,FALSE,FALSE,FALSE,FALSE,FALSE,FALSE,TRUE,Month-to-Month,FALSE,Credit Card,44.75,44.75,0.0,0,40.87,85.62,Joined,Others,Others,1
49265-BIH,Female,18,TRUE,Bihar,4,4,Deal 5,TRUE,FALSE,TRUE,Cable,TRUE,FALSE,TRUE,FALSE,FALSE,FALSE,TRUE,TRUE,Month-to-Month,FALSE,Credit Card,55.9,157.55,0.0,0,99.84,257.39,Joined,Others,Others,1
79342-KAR,Female,39,TRUE,Karnataka,5,22,None,TRUE,FALSE,TRUE,DSL,TRUE,FALSE,FALSE,TRUE,TRUE,FALSE,FALSE,TRUE,Month-to-Month,TRUE,Credit Card,64.4,195.65,0.0,0,114.15,309.8,Joined,Others,Others,1
54564-AND,Female,55,TRUE,Andhra Pradesh,11,7,None,TRUE,TRUE,TRUE,Fiber Optic,FALSE,FALSE,FALSE,FALSE,FALSE,FALSE,FALSE,TRUE,Month-to-Month,FALSE,Bank Withdrawal,76.1,257.6,0.0,0,43.05,300.65,Joined,Others,Others,1
78918-BIH,Female,59,FALSE,Bihar,12,11,Deal 5,TRUE,FALSE,TRUE,Fiber Optic,TRUE,FALSE,FALSE,FALSE,FALSE,TRUE,TRUE,TRUE,Month-to-Month,TRUE,Credit Card,86.05,244.85,0.0,0,54.78,299.63,Joined,Others,Others,1
19898-HAR,Male,31,TRUE,Haryana,3,30,Deal 5,TRUE,FALSE,FALSE,None,FALSE,FALSE,FALSE,FALSE,FALSE,FALSE,FALSE,FALSE,Month-to-Month,FALSE,Credit Card,19.45,19.45,0.0,0,29.15,48.6,Joined,Others,Others,1
21247-ASS,Male,58,TRUE,Assam,2,2,None,TRUE,FALSE,FALSE,None,FALSE,FALSE,FALSE,FALSE,FALSE,FALSE,FALSE,FALSE,Month-to-Month,TRUE,Credit Card,19.5,19.5,0.0,0,8.02,27.52,Joined,Others,Others,1
85917-TAM,Male,53,TRUE,Tamil Nadu,7,15,Deal 5,TRUE,FALSE,FALSE,None,FALSE,FALSE,FALSE,FALSE,FALSE,FALSE,FALSE,FALSE,Month-to-Month,TRUE,Credit Card,19.5,19.5,0.0,0,33.02,52.52,Joined,Others,Others,1
52695-UTT,Female,52,FALSE,Uttar Pradesh,14,34,None,TRUE,FALSE,FALSE,None,FALSE,FALSE,FALSE,FALSE,FALSE,FALSE,FALSE,FALSE,Month-to-Month,FALSE,Credit Card,20.35,35.1,0.0,0,4.92,40.02,Joined,Others,Others,1
49304-KAR,Female,32,TRUE,Karnataka,6,33,None,TRUE,TRUE,TRUE,DSL,FALSE,FALSE,FALSE,FALSE,FALSE,FALSE,FALSE,TRUE,Month-to-Month,TRUE,Credit Card,49.8,49.8,0.0,0,3.97,53.77,Joined,Others,Others,1
81098-GUJ,Male,31,TRUE,Gujarat,13,11,None,TRUE,FALSE,TRUE,DSL,TRUE,FALSE,FALSE,FALSE,FALSE,FALSE,FALSE,TRUE,Month-to-Month,FALSE,Credit Card,51.25,51.25,0.0,0,39.3,90.55,Joined,Others,Others,1
89303-AND,Male,51,FALSE,Andhra Pradesh,6,11,Deal 5,TRUE,FALSE,TRUE,Fiber Optic,FALSE,FALSE,FALSE,FALSE,FALSE,FALSE,FALSE,TRUE,Month-to-Month,FALSE,Credit Card,69.95,143.9,0.0,0,58.2,202.1,Joined,Others,Others,1
44700-DEL,Female,48,FALSE,Delhi,10,19,Deal 5,TRUE,TRUE,TRUE,Fiber Optic,FALSE,FALSE,FALSE,FALSE,TRUE,FALSE,FALSE,FALSE,Month-to-Month,TRUE,Bank Withdrawal,84.6,84.6,0.0,0,7.34,91.94,Joined,Others,Others,1
85506-MAH,Female,23,FALSE,Maharashtra,0,10,None,TRUE,FALSE,FALSE,None,FALSE,FALSE,FALSE,FALSE,FALSE,FALSE,FALSE,FALSE,One Year,FALSE,Credit Card,20.2,34.75,0.0,0,76.82,111.57,Joined,Others,Others,1
25048-TEL,Male,47,FALSE,Telangana,15,9,Deal 5,TRUE,TRUE,FALSE,None,FALSE,FALSE,FALSE,FALSE,FALSE,FALSE,FALSE,FALSE,Month-to-Month,FALSE,Credit Card,24.0,24.0,0.0,0,32.95,56.95,Joined,Others,Others,1
31918-KAR,Female,37,FALSE,Karnataka,15,34,None,FALSE,FALSE,TRUE,Cable,TRUE,FALSE,TRUE,TRUE,FALSE,FALSE,FALSE,TRUE,Month-to-Month,FALSE,Credit Card,41.35,107.25,0.0,0,0.0,107.25,Joined,Others,Others,1
66669-HAR,Male,44,FALSE,Haryana,12,32,Deal 5,TRUE,FALSE,TRUE,Cable,FALSE,FALSE,FALSE,FALSE,FALSE,FALSE,FALSE,TRUE,Month-to-Month,TRUE,Bank Withdrawal,44.05,44.05,0.0,0,30.73,74.78,Joined,Others,Others,1
84720-GUJ,Male,55,TRUE,Gujarat,11,6,None,TRUE,FALSE,FALSE,None,FALSE,FALSE,FALSE,FALSE,FALSE,FALSE,FALSE,FALSE,Month-to-Month,FALSE,Credit Card,19.2,19.2,0.0,0,32.78,51.98,Joined,Others,Others,1
23729-UTT,Female,58,FALSE,Uttar Pradesh,14,19,Deal 5,TRUE,FALSE,FALSE,None,FALSE,FALSE,FALSE,FALSE,FALSE,FALSE,FALSE,FALSE,Month-to-Month,TRUE,Credit Card,19.65,38.8,0.0,0,19.22,58.02,Joined,Others,Others,1
85027-KAR,Male,57,FALSE,Karnataka,14,27,Deal 5,TRUE,FALSE,FALSE,None,FALSE,FALSE,FALSE,FALSE,FALSE,FALSE,FALSE,FALSE,Month-to-Month,TRUE,Credit Card,19.75,19.75,0.0,0,1.61,21.36,Joined,Others,Others,1
28239-UTT,Female,55,TRUE,Uttar Pradesh,0,5,None,TRUE,FALSE,FALSE,None,FALSE,FALSE,FALSE,FALSE,FALSE,FALSE,FALSE,FALSE,Month-to-Month,FALSE,Credit Card,19.95,19.95,0.0,0,38.84,58.79,Joined,Others,Others,1
75802-MAH,Female,61,FALSE,Maharashtra,4,3,None,TRUE,FALSE,FALSE,None,FALSE,FALSE,FALSE,FALSE,FALSE,FALSE,FALSE,FALSE,Month-to-Month,FALSE,Credit Card,20.05,20.05,0.0,0,13.51,33.56,Joined,Others,Others,1
48051-GUJ,Female,49,TRUE,Gujarat,0,36,None,FALSE,FALSE,TRUE,DSL,FALSE,FALSE,FALSE,FALSE,FALSE,FALSE,FALSE,TRUE,One Year,FALSE,Credit Card,25.85,25.85,0.0,0,0.0,25.85,Joined,Others,Others,1
38920-PUN,Female,50,FALSE,Punjab,8,7,None,TRUE,FALSE,TRUE,Cable,FALSE,FALSE,FALSE,FALSE,FALSE,FALSE,FALSE,FALSE,Month-to-Month,TRUE,Bank Withdrawal,43.85,43.85,0.0,10,15.9,69.75,Joined,Others,Others,1
19539-PUN,Female,37,TRUE,Punjab,14,8,Deal 5,TRUE,FALSE,TRUE,DSL,FALSE,FALSE,FALSE,FALSE,FALSE,FALSE,FALSE,TRUE,Month-to-Month,TRUE,Credit Card,45.4,45.4,0.0,0,49.33,94.73,Joined,Others,Others,1
58848-PUN,Male,58,TRUE,Punjab,14,18,None,TRUE,FALSE,TRUE,Cable,TRUE,FALSE,FALSE,FALSE,FALSE,FALSE,FALSE,TRUE,Month-to-Month,TRUE,Credit Card,49.8,49.8,0.0,0,38.21,88.01,Joined,Others,Others,1
97497-RAJ,Male,24,TRUE,Rajasthan,9,8,Deal 5,TRUE,FALSE,TRUE,DSL,FALSE,TRUE,FALSE,FALSE,FALSE,FALSE,FALSE,TRUE,Month-to-Month,TRUE,Bank Withdrawal,49.9,49.9,0.0,0,6.35,56.25,Joined,Others,Others,1
89512-JAM,Male,57,FALSE,Jammu & Kashmir,3,34,None,TRUE,TRUE,TRUE,DSL,TRUE,TRUE,FALSE,FALSE,FALSE,FALSE,FALSE,TRUE,Month-to-Month,FALSE,Bank Withdrawal,60.95,134.6,0.0,0,29.76,164.36,Joined,Others,Others,1
76233-BIH,Female,78,TRUE,Bihar,6,9,Deal 5,TRUE,FALSE,TRUE,Fiber Optic,FALSE,FALSE,FALSE,FALSE,FALSE,FALSE,FALSE,FALSE,Two Year,TRUE,Credit Card,70.6,70.6,0.0,30,32.61,133.21,Joined,Others,Others,1
53350-TEL,Male,37,TRUE,Telangana,6,22,None,TRUE,TRUE,TRUE,Fiber Optic,FALSE,FALSE,FALSE,FALSE,FALSE,FALSE,FALSE,TRUE,Month-to-Month,FALSE,Bank Withdrawal,74.5,217.45,0.0,0,20.91,238.36,Joined,Others,Others,1
39623-HAR,Female,85,FALSE,Haryana,2,10,Deal 5,TRUE,FALSE,TRUE,Fiber Optic,FALSE,TRUE,FALSE,FALSE,FALSE,FALSE,FALSE,FALSE,Month-to-Month,TRUE,Bank Withdrawal,74.6,239.05,0.0,30,118.53,387.58,Joined,Others,Others,1
91835-GUJ,Male,21,TRUE,Gujarat,12,5,None,TRUE,FALSE,TRUE,Cable,FALSE,FALSE,TRUE,TRUE,TRUE,TRUE,TRUE,TRUE,Month-to-Month,TRUE,Bank Withdrawal,75.5,75.5,0.0,0,5.63,81.13,Joined,Others,Others,1
89804-MAH,Male,34,FALSE,Maharashtra,4,31,Deal 5,TRUE,FALSE,FALSE,None,FALSE,FALSE,FALSE,FALSE,FALSE,FALSE,FALSE,FALSE,Month-to-Month,FALSE,Credit Card,19.4,50.6,0.0,0,30.32,80.92,Joined,Others,Others,1
74651-WES,Female,30,TRUE,West Bengal,7,23,None,FALSE,FALSE,TRUE,DSL,FALSE,TRUE,FALSE,FALSE,FALSE,FALSE,FALSE,TRUE,Month-to-Month,FALSE,Credit Card,29.2,98.5,0.0,0,0.0,98.5,Joined,Others,Others,1
53186-HAR,Male,74,TRUE,Haryana,10,2,Deal 5,TRUE,FALSE,TRUE,DSL,FALSE,FALSE,FALSE,FALSE,FALSE,FALSE,FALSE,TRUE,One Year,FALSE,Bank Withdrawal,45.25,45.25,0.0,0,11.89,57.14,Joined,Others,Others,1
44208-AND,Female,25,TRUE,Andhra Pradesh,2,20,None,TRUE,TRUE,TRUE,DSL,FALSE,TRUE,TRUE,FALSE,TRUE,FALSE,FALSE,FALSE,Month-to-Month,TRUE,Bank Withdrawal,69.15,235.0,0.0,0,72.84,307.84,Joined,Others,Others,1
74804-WES,Female,46,FALSE,West Bengal,0,5,None,TRUE,FALSE,TRUE,Fiber Optic,FALSE,FALSE,FALSE,FALSE,FALSE,FALSE,FALSE,FALSE,Month-to-Month,TRUE,Credit Card,69.6,207.4,0.0,20,86.91,314.31,Joined,Others,Others,1
47624-TAM,Female,62,TRUE,Tamil Nadu,7,29,None,TRUE,FALSE,TRUE,DSL,FALSE,FALSE,FALSE,FALSE,FALSE,TRUE,TRUE,TRUE,Month-to-Month,FALSE,Mailed Check,-5.0,189.1,0.0,0,100.59,289.69,Joined,Others,Others,1
62842-HAR,Male,33,TRUE,Haryana,11,25,None,TRUE,FALSE,FALSE,None,FALSE,FALSE,FALSE,FALSE,FALSE,FALSE,FALSE,FALSE,Month-to-Month,FALSE,Credit Card,19.3,44.4,0.0,0,99.82,144.22,Joined,Others,Others,1
71234-HAR,Female,44,FALSE,Haryana,10,34,None,TRUE,FALSE,FALSE,None,FALSE,FALSE,FALSE,FALSE,FALSE,FALSE,FALSE,FALSE,Month-to-Month,TRUE,Credit Card,19.4,19.4,0.0,0,23.97,43.37,Joined,Others,Others,1
47492-AND,Female,30,TRUE,Andhra Pradesh,15,24,Deal 5,TRUE,FALSE,FALSE,None,FALSE,FALSE,FALSE,FALSE,FALSE,FALSE,FALSE,FALSE,Month-to-Month,TRUE,Bank Withdrawal,20.15,20.15,0.0,0,18.63,38.78,Joined,Others,Others,1
83113-GUJ,Male,35,FALSE,Gujarat,8,30,None,FALSE,FALSE,TRUE,DSL,FALSE,FALSE,FALSE,TRUE,FALSE,FALSE,FALSE,TRUE,Month-to-Month,FALSE,Credit Card,29.15,29.15,0.0,0,0.0,29.15,Joined,Others,Others,1
12469-AND,Male,24,TRUE,Andhra Pradesh,11,4,None,TRUE,FALSE,TRUE,DSL,FALSE,FALSE,FALSE,FALSE,TRUE,FALSE,FALSE,TRUE,Month-to-Month,TRUE,Credit Card,55.3,55.3,0.0,0,36.69,91.99,Joined,Others,Others,1
29371-WES,Female,23,FALSE,West Bengal,14,9,Deal 5,TRUE,FALSE,TRUE,DSL,FALSE,FALSE,FALSE,FALSE,FALSE,TRUE,TRUE,TRUE,Month-to-Month,TRUE,Bank Withdrawal,55.3,108.65,0.0,0,87.86,196.51,Joined,Others,Others,1
93520-GUJ,Female,67,FALSE,Gujarat,13,19,Deal 5,TRUE,TRUE,TRUE,Fiber Optic,FALSE,FALSE,FALSE,FALSE,FALSE,FALSE,FALSE,TRUE,One Year,TRUE,Bank Withdrawal,72.1,72.1,0.0,0,7.77,79.87,Joined,Others,Others,1
37131-MAH,Male,52,FALSE,Maharashtra,6,2,None,TRUE,FALSE,TRUE,Fiber Optic,FALSE,FALSE,FALSE,FALSE,TRUE,TRUE,TRUE,TRUE,Month-to-Month,TRUE,Bank Withdrawal,89.25,89.25,0.0,0,16.64,105.89,Joined,Others,Others,1
18829-TAM,Female,49,TRUE,Tamil Nadu,4,31,Deal 5,TRUE,FALSE,FALSE,None,FALSE,FALSE,FALSE,FALSE,FALSE,FALSE,FALSE,FALSE,Month-to-Month,FALSE,Credit Card,18.8,56.0,0.0,0,19.83,75.83,Joined,Others,Others,1
32063-UTT,Female,63,TRUE,Uttar Pradesh,6,31,Deal 5,TRUE,FALSE,FALSE,None,FALSE,FALSE,FALSE,FALSE,FALSE,FALSE,FALSE,FALSE,Month-to-Month,TRUE,Credit Card,19.0,19.0,0.0,0,28.28,47.28,Joined,Others,Others,1
36017-TAM,Female,52,TRUE,Tamil Nadu,15,23,None,TRUE,FALSE,FALSE,None,FALSE,FALSE,FALSE,FALSE,FALSE,FALSE,FALSE,FALSE,Month-to-Month,FALSE,Credit Card,19.55,19.55,0.0,0,40.63,60.18,Joined,Others,Others,1
45561-MAH,Female,44,TRUE,Maharashtra,6,7,Deal 5,TRUE,FALSE,FALSE,None,FALSE,FALSE,FALSE,FALSE,FALSE,FALSE,FALSE,FALSE,Month-to-Month,TRUE,Mailed Check,20.0,40.9,0.0,0,86.54,127.44,Joined,Others,Others,1
61474-TEL,Male,52,TRUE,Telangana,11,17,None,TRUE,FALSE,FALSE,None,FALSE,FALSE,FALSE,FALSE,FALSE,FALSE,FALSE,FALSE,Month-to-Month,FALSE,Credit Card,20.35,20.35,0.0,0,31.97,52.32,Joined,Others,Others,1
16068-BIH,Female,44,TRUE,Bihar,4,25,Deal 5,FALSE,FALSE,TRUE,DSL,FALSE,FALSE,FALSE,FALSE,FALSE,FALSE,FALSE,FALSE,Month-to-Month,FALSE,Bank Withdrawal,25.25,25.25,0.0,10,0.0,35.25,Joined,Others,Others,1
72391-UTT,Male,35,FALSE,Uttar Pradesh,1,7,None,FALSE,FALSE,TRUE,DSL,FALSE,FALSE,FALSE,FALSE,FALSE,TRUE,TRUE,TRUE,Month-to-Month,FALSE,Bank Withdrawal,35.0,35.0,0.0,0,0.0,35.0,Joined,Others,Others,1
16733-ODI,Female,76,TRUE,Odisha,10,1,None,TRUE,FALSE,TRUE,DSL,FALSE,FALSE,FALSE,FALSE,FALSE,FALSE,FALSE,TRUE,Month-to-Month,TRUE,Credit Card,45.85,45.85,0.0,0,40.38,86.23,Joined,Others,Others,1
39540-BIH,Female,34,FALSE,Bihar,12,13,None,TRUE,FALSE,TRUE,Cable,FALSE,FALSE,FALSE,TRUE,FALSE,FALSE,FALSE,TRUE,Month-to-Month,FALSE,Credit Card,49.05,49.05,0.0,0,25.77,74.82,Joined,Others,Others,1
29626-WES,Male,67,FALSE,West Bengal,10,22,Deal 5,TRUE,FALSE,TRUE,DSL,TRUE,FALSE,FALSE,FALSE,FALSE,FALSE,FALSE,FALSE,Month-to-Month,FALSE,Bank Withdrawal,50.15,50.15,0.0,50,38.33,138.48,Joined,Others,Others,1
42358-BIH,Female,53,FALSE,Bihar,9,35,None,TRUE,FALSE,TRUE,DSL,FALSE,FALSE,FALSE,FALSE,TRUE,FALSE,FALSE,TRUE,Month-to-Month,TRUE,Bank Withdrawal,54.2,140.4,0.0,0,124.14,264.54,Joined,Others,Others,1
46190-GUJ,Male,27,TRUE,Gujarat,0,36,Deal 5,TRUE,FALSE,TRUE,DSL,FALSE,FALSE,FALSE,FALSE,FALSE,TRUE,TRUE,FALSE,Month-to-Month,FALSE,Mailed Check,55.55,55.55,0.0,30,33.32,118.87,Joined,Others,Others,1
-MAD 72469.00,Male,56,FALSE,Madhya Pradesh,9,9,None,TRUE,FALSE,TRUE,Cable,TRUE,FALSE,TRUE,FALSE,FALSE,FALSE,FALSE,TRUE,Month-to-Month,FALSE,Credit Card,55.7,55.7,0.0,0,17.68,73.38,Joined,Others,Others,1
65580-UTT,Male,54,FALSE,Uttar Pradesh,6,2,None,TRUE,FALSE,FALSE,None,FALSE,FALSE,FALSE,FALSE,FALSE,FALSE,FALSE,FALSE,Month-to-Month,TRUE,Credit Card,19.1,53.05,0.0,0,48.96,102.01,Joined,Others,Others,1
71210-WES,Female,58,FALSE,West Bengal,15,28,None,TRUE,FALSE,FALSE,None,FALSE,FALSE,FALSE,FALSE,FALSE,FALSE,FALSE,FALSE,Month-to-Month,FALSE,Credit Card,19.85,19.85,0.0,0,29.1,48.95,Joined,Others,Others,1
92527-KAR,Female,40,FALSE,Karnataka,7,16,None,TRUE,FALSE,FALSE,None,FALSE,FALSE,FALSE,FALSE,FALSE,FALSE,FALSE,FALSE,Month-to-Month,TRUE,Credit Card,20.05,20.05,0.0,0,3.23,23.28,Joined,Others,Others,1
81235-JHA,Female,42,TRUE,Jharkhand,9,32,Deal 5,TRUE,FALSE,TRUE,DSL,FALSE,FALSE,FALSE,FALSE,FALSE,FALSE,FALSE,TRUE,Month-to-Month,TRUE,Credit Card,44.9,44.9,0.0,0,15.76,60.66,Joined,Others,Others,1
53295-WES,Female,35,FALSE,West Bengal,7,33,Deal 5,TRUE,TRUE,FALSE,None,FALSE,FALSE,FALSE,FALSE,FALSE,FALSE,FALSE,FALSE,Month-to-Month,TRUE,Bank Withdrawal,25.7,25.7,0.0,0,43.84,69.54,Joined,Others,Others,1
-MAD 46792.00,Female,59,TRUE,Madhya Pradesh,6,25,Deal 5,FALSE,FALSE,TRUE,DSL,FALSE,FALSE,TRUE,TRUE,FALSE,FALSE,FALSE,TRUE,Month-to-Month,FALSE,Credit Card,35.9,35.9,0.0,0,0.0,35.9,Joined,Others,Others,1
23148-CHH,Female,74,TRUE,Chhattisgarh,4,9,Deal 5,TRUE,FALSE,TRUE,DSL,FALSE,FALSE,FALSE,FALSE,FALSE,FALSE,FALSE,TRUE,Two Year,FALSE,Bank Withdrawal,44.0,44.0,0.0,0,28.67,72.67,Joined,Others,Others,1
77137-MAH,Male,52,FALSE,Maharashtra,1,8,Deal 5,TRUE,FALSE,TRUE,DSL,FALSE,FALSE,FALSE,FALSE,FALSE,FALSE,FALSE,TRUE,Month-to-Month,TRUE,Mailed Check,45.55,45.55,0.0,0,16.34,61.89,Joined,Others,Others,1
62968-UTT,Female,18,FALSE,Uttar Pradesh,4,3,None,TRUE,FALSE,TRUE,Cable,FALSE,FALSE,FALSE,TRUE,FALSE,TRUE,TRUE,TRUE,Month-to-Month,TRUE,Credit Card,59.55,59.55,0.0,0,41.39,100.94,Joined,Others,Others,1
63464-AND,Male,48,FALSE,Andhra Pradesh,7,5,None,TRUE,FALSE,TRUE,DSL,FALSE,FALSE,FALSE,TRUE,FALSE,TRUE,TRUE,TRUE,Month-to-Month,FALSE,Credit Card,60.65,196.9,0.0,0,67.47,264.37,Joined,Others,Others,1
83994-DEL,Male,48,TRUE,Delhi,8,24,None,TRUE,FALSE,TRUE,Fiber Optic,FALSE,FALSE,FALSE,FALSE,TRUE,TRUE,TRUE,TRUE,Month-to-Month,FALSE,Credit Card,90.7,237.65,0.0,0,16.17,253.82,Joined,Others,Others,1
22782-ODI,Female,50,TRUE,Odisha,2,28,None,TRUE,FALSE,FALSE,None,FALSE,FALSE,FALSE,FALSE,FALSE,FALSE,FALSE,FALSE,Month-to-Month,FALSE,Credit Card,19.3,54.7,0.0,0,30.39,85.09,Joined,Others,Others,1
94243-TAM,Female,34,FALSE,Tamil Nadu,5,15,None,TRUE,FALSE,FALSE,None,FALSE,FALSE,FALSE,FALSE,FALSE,FALSE,FALSE,FALSE,Month-to-Month,TRUE,Credit Card,19.9,19.9,0.0,0,7.76,27.66,Joined,Others,Others,1
27553-UTT,Female,53,TRUE,Uttar Pradesh,0,18,None,TRUE,FALSE,FALSE,None,FALSE,FALSE,FALSE,FALSE,FALSE,FALSE,FALSE,FALSE,Month-to-Month,FALSE,Credit Card,20.3,20.3,0.0,0,4.09,24.39,Joined,Others,Others,1
85031-RAJ,Female,60,FALSE,Rajasthan,1,4,Deal 5,TRUE,FALSE,TRUE,DSL,FALSE,FALSE,FALSE,FALSE,FALSE,FALSE,FALSE,TRUE,Month-to-Month,FALSE,Bank Withdrawal,44.0,44.0,0.0,0,13.4,57.4,Joined,Others,Others,1
51961-BIH,Male,47,FALSE,Bihar,9,25,Deal 5,TRUE,FALSE,TRUE,DSL,TRUE,FALSE,FALSE,FALSE,FALSE,FALSE,FALSE,TRUE,Month-to-Month,FALSE,Credit Card,50.95,123.05,0.0,0,73.92,196.97,Joined,Others,Others,1
39332-TEL,Female,44,TRUE,Telangana,6,8,None,TRUE,FALSE,TRUE,Fiber Optic,FALSE,FALSE,FALSE,FALSE,TRUE,FALSE,FALSE,FALSE,Month-to-Month,TRUE,Bank Withdrawal,80.55,80.55,0.0,60,5.93,146.48,Joined,Others,Others,1